text,label
Normal bin ich ja ned der mensch dwer sich beschwert wegen dem essen aber diese Pizza von Joeys...boah wie ekelhaft,0
VfB Stuttgart gegen SV Hamburg: Das Warten auf den n√§chsten Schritt - Stuttgarter Zeitung: DIE WELTVfB Stuttga... http,1
@user @user @user @user @user @user @user @user f√ºhlt sich schon so sp√§t an üòöüòöüòö,2
@user glaub ich! XD 30‚Ç¨ sind echt not bad T___T *gr√ºbel*,0
@user. Diviertete,1
"@user @user plopp plopp plopp: frisches Popcorn r√ºber reich. Coke? klar, kein Thema!",2
"Ach Scheiss drauf, dann eben nich",0
"RT @user: Was ist das f√ºr eine Glaubw√ºrdigkeit, wenn wir sagen wir sind keine Verbotspartei und gleichzeitig Verbote fordern @user‚Ä¶",1
He's so charming. Man muss ihn einfach lieben #samuhaber #tvog,2
"Dieses Gef√ºhl, wenn man von Personen entt√§uscht wird...",0
Sieben k√ºnstlerische Projektr√§ume ausgezeichnet http #Berlin,1
@user Cool! Keine weiteren Fragen. ;-),2
@user kamu syahrenong:-(,0
"Wer muss bis 8 in Krefeld arbeiten, geht dann direkt ins Fitnessstudio und muss dann nachts zu Hause die Sp√ºlmaschine ausr√§umen?",1
"@user hab keine, bin lieb zu dir. ^_^",2
NDR. Seniorenchor. Absolute Fassungslosigkeit meinerseits.,0
Der #Klassiker ! #Knirps #T2 zum #Sonderpreis ! Der Name spricht f√ºr sich - der #Schirm schlechthin ! http,1
When we were younger (8),2
"@user Hi, k√∂nnt Ihr bitte Oceans Twelve pr√ºfen? Nach einer halben Std. fehlerhaft :( Andere Serien u. Filme laufen problemlos. Gru√ü",0
RT @user: 1/2 Hammerstory v @user: EU-Kommisar Oettinger streicht unliebsame Zahlen zur Subvention von Fossil u AKW. ht‚Ä¶,1
@user guten abend. bitte folge mir mal. dann kann ich dir das erkl√§ren. danke ^l,2
@user Nicht gut. =(,0
@user Breizh sur seine.,1
@user Schlaf gut und tr√§ume was sch√∂nes. &lt;3,2
@user BUT NOT REALLY GUYS,0
"Berlin, Schadenregulierer (m/w) Sach Schaden f√ºr das Regulierungsgebiet Ostsachsen http Jobs Versicherung",1
"RT @user: BISON #Multichannel-Studie: Wut- und Frust-K√§ufe zu 76% weiterhin via Offline-Handel ;) Danke @user, heute Aben‚Ä¶",2
"@user Nee, klappt nicht:/",0
"Extrem flacher, ber√ºhrungsloser Winkelsensor http",1
Voll sch√∂ner Vintage-Spiegel. Oder Retro. Wei√ü nicht genau. Eher vintage! #latergram #shabby #vintage http,2
@user die deutsche regierung ist nicht unfaehig ...sie hat nur nix zuppa melden . Ich lach michele tot wie die sich aufblasen,0
"""Niemand wei√ü, wie weit seine Kr√§fte gehen, bis er sie versucht hat."" Johann Wolfgang von Goethe",1
"@user Gourmet sozusagen...sehr sch√∂n! ... Oh...ganz sch√∂n tief...na macht nix, muss ich halt bisschen √ºben... hmm...^ . ^",2
"@user Ey! Nichts gegen den Ruhrpott. &gt;:( (Aber ja, teilweise kommen die echt hier wech.)",0
Gratis Beauty-Box ab 15‚Ç¨ Einkauf http,1
"#Museum, #Planes, #Red_Bull, #Friedrichshafen, #Nice, #Cool, #Good, #Fast, #Speed. @ Dornier Museum‚Ä¶ http",2
H√§tte vielleicht doch was langes anziehen sollen..,0
@user nichts.,1
"@user geil, abends √Ñpfel essen, morgens besoffen \o/",2
RT @user: T√§glich flie√üen 300 Tonnen verseuchtes Wasser vor #Fukushima ins Meer und die Regioerung pocht auf die Sicherheit von Atomkr‚Ä¶,0
Nicht vergessen: Das bissige #Musical Vergn√ºgen heute im K√∂nig Albert Theater! http,1
Huzur kumsalda :) (@ Beach Bar) http,2
Routentracing zu dem Server zeigt jedenfalls nichts gutes an. Habe nirgendwo sonst Probleme. Spiele aber auch kaum was anderes online.,0
RT @user: #Atmosph√§re #Meer #Kalk #Kiel #Miesmuscheln Miesmuscheln wachsen auch im sauren Meer http,1
Gott sei Dank. Das 1:1. #Eintracht #SGE,2
@user light mann light Nahrung #Opfer,0
kein wunder (@user http,1
@user nope stimmt nicht (/.\) *wegschmelz*,2
Unsicher? Ich? Da Lache ich doch. HA!,0
Grunderwerbsteuer wird erh√∂ht: Der Immobilienkauf wird teurer http,1
Im Allgemeinwissen bin ich am 'besten' #omg,2
@user ein grauenhaftes erlebnis. war auch dort. unglaublich. einfach unglaublich.,0
TV Beitrag: Reinsdorf Classic Cup 2013 - Zweiter Durchgang Lauf 01 http,1
@user nachtiii&lt;3,2
&lt;- m√∂chte milde kotzen,0
"@user Mit Blindheit geschlagen sein,ist hoffentlich nicht ansteckend #BTW13 http Zwangsbehandlungsgesetz 26.02.13",1
Neue Kollektion kommt! - Wir freuen uns demn√§chst die streng limitierte Seldom Nasty Kollektion... http,2
"RT @user: @user ihr macht euch √∂ffentlich und wollt diskurs, also klag nicht, dass er √∂ffentlich stattfindet @user‚Ä¶",0
RT @user: F√ºhrungsstreit beendet: BER-Technikchef Amann abgesetzt http,1
...an mit rein durfte ;D bzw.... eigentlich pennte er ja im Sessel als ich ins Bad schlich ;D ;D na ja.. nun bin ich wieder wach :)),2
endlich Bus erreicht ihr mongos #Matze_der_babo #ha_gayy,0
Neue Autos stossen weniger Abgase aus: http #News #Liechtenstein,1
"@user K√∂nnt ihr bitte f√ºr gute Laune sorgen, die ich eigentlich schon habe, und Best Song Ever von One Direction spielen ? #Wunschhits :)",2
Das interessiert mich gerade echt nicht. #Domian,0
Langsam wird's hell drau√üen.,1
S√º√üer kleiner Elefant: Bad W√ºnnenberg | Kann zur Blumenablage genutzt werden!Bitte Abholung! http,2
Halloween III spar ich mir. Aus Gr√ºnden. #Halloween http,0
"05:00 Die Bew√∂lkung nimmt zu, es wird w√§rmer. In den n√§chsten 12 bis 24 Stunden sind Niederschl√§ge m√∂glich. Windig.",1
@user klare Linie bei dt. Au√üenpolitik wird jetzt schon gebraucht und von Schwarz-Gelb kommt nichts! #r2g w√§re also klarer Fortschritt,2
YOU CAN'T TWERK WITH US! *Gretchen Weiner voice.,0
Wo? ortseingang Lichtenau! Genauer? B68! Richtung? aus Richtung Paderborn kommend! Wann? 30.08.2013 17:14 Uhr!,1
@user @user jetzt erst recht geteerten und auf Seltsames aufmerksam machen ;),2
sorry meine Internetverbindung ist schlecht der Live Stream wurde abgebrochen n√§chstes Mal am zehnten elften kommt ein neuer live stream,0
"Preisabschlag 50% Preis: 18,40 ‚Ç¨. Textilien: Noppies Damen Umstandsmode Shirt/ Top, All over Druck 30311, Gr... http",1
Photo: Seebr√ºcke um 02:02 Uhr. War sch√∂n :) (hier: Seebr√ºcke) http,2
RT @user: Obama trifft sich wegen #Schnowden Asyl nicht mit Putin. Menschenrechtsverletzungen der Russen waren bislang keine Absage ‚Ä¶,0
Hazard/Gefahr: AKW Fukushima: Radioaktiv belastetes Wasser flie√üt tonnenweise ins Meer http via @user,1
Lebe frei! http http #Freiheit,2
"Das Wetter?! RT @user: Macht kaputt, was euch nachts wach liegen l√§sst!",0
Transfer angeblich perfekt - Real zahlt 99 Millionen Euro f√ºr Gareth Bale http,1
@user @user @user GL√úCKWUNSCH! Echt heftig platz3 0.0 !! Aber echt verdient &lt;3!!!! Besten:) #stricksockenswagger #3,2
@user unachtsam *seufz*,0
Vodafone definiert nach $130 Mrd. schweren Verkauf der Verizon Wireless Beteiligung das Gewinnziel neu. http #LGTNavigator,1
@user Kein Problem S√º√üe! :)&lt;33,2
"""Ich bin mehr so 'ne sch√∂ne, gelbe Banane."" #was o_O",0
"@user Das w√§re der erste Schritt, bevor man von den Piraten allgemein spricht. @user",1
TVG verliert nach guter Leistung 0:1 gegen Satrup (Pokal). Weiter k√§mpfen M√§nner!,2
Ich werde gerade dezent nicht wach...,0
"Retweet if you want new followers? Schreibt halt was nettes, dann folgen euch die Leute von ganz allein. Ohne solche Drecksretweets #issso",1
@user: Ashley darf dann gerne auf eine aussichtslose Mission gehen... ^^,2
@user seit monaten geht der mist hier wieder los.....warum blos?,0
@user #Mainz vs. #Eintracht ...w√§r' doch was!? #dfbpokal,1
"Als alter Boston Legal &amp; James Spader/Alan Shore Fan, freue ich mich auf den Serien Neustart in den USA #TheBlacklist http",2
XBOCT √§u√üerst sich negativ √ºber Mitspieler http #esports,0
"Gladbach:""Ter Stegen fehlt, Younes bricht ab, Arango individuell http #Gladbach",1
@user und? Hast dus fertig? :P,2
Nicht gut. #LT,0
"""Die NSA-Spionage macht uns weniger sicher"" - http #NSA #PRISM",1
Alkohol! Jetzt! Mehr Alkohol! Sofort!,2
"Achtung, politisch unkorrekter Witz!! http",0
Er kann es nicht lassen ‚Äì Xavier Naidoo doch wieder mit Musik-Show im TV!: Xavier Naidoo kann einfach nicht au... http,1
@user 2-0 Toko :) war eine ganz starke Vorstellung!!! #Danke #GCZ,2
"34 km, 615 hm. #Duscht mich! Knie schmerzt. #Aua! #Fertig! #Wasser! #Willinsbett #mimimimi",0
"Fremdartiges Gef√ºhl ‚Äì Kirsten Dunst: Noch nicht bereit f√ºr Kinder: 31 Jahre alt, eine langj√§hrige Karriere als... http",1
"@user schlafet Wohl, wehrte Dame!",2
Als was geht Merkel in die Geschichte ein? 1. Streuselkuchenkanzlerin 2. #merkelphone 3. Wendek√∂nigin 4. erfolgr.WahlkampfSchlaftablette 5.?,0
[EDOEB] Aktualisierte technische Dokumente InTV: Die technischen Dokumente wurden aktualisiert. Freundliche... http,1
....auf meinen Schatz warten‚ô° (@ apt Hiller GmbH w/ @user) http,2
Weltbild zerst√∂rt: Tageziel erreicht! RT @user: Mein ganzes Weltbild ist jetzt im Arsch.,0
#telmi #dewa Sport: Fu√üball/1. Bundesliga: Eintracht Braunschweig geht in Hamburg unter,1
@user Kein Problem dass du erst jetzt antwortest! Lieber sp√§ter als nie. :),2
"RT @user: Fiedler (CDU) bezeichnet Snowden als Verr√§ter. ""Ich mag solche Leute nicht, der will nur Geld machen"". Unglaublich. #plen‚Ä¶",0
Znojmo holt alten Bekannten http #Sport #Eishockey,1
"""Stell dir vor, √ñsterreich m√ºsste bei der WM gegen Brasilien spielen!"" Wir lachen uns tot.",2
@user @user @user :-/,0
Software gegen √úberwachung: Verschl√ºsseln soll einfacher werden http via @user,1
16 Auszubildende beenden erfolgreich ihre Ausbildung - http,2
"""...gr√∂√üer als bisher angenommen."" Wat'n Quatsch! Wer soll da wieviel angenommen haben? Wir denken das Schlimmste and then some! #GCHQ",0
RT @user: 'Bundesregierung verhindert strengere Abgasnormen'. BMW spendet fast 700 Millionen an #cdu. Lobbyisten im Kanzleramt! http,1
Hab voll bock nachher Pokemon Puzzle League spielen. lass euch dann davon teil haben =3,2
F√ºr'n Arsch. Echt.,0
Medien ohne Moral ‚Äì 25 Jahre nach dem Gladbecker Geiseldrama #srf http,1
@user daf√ºr KICK ASS,2
RT @user: *stirbt gelassen aus*,0
@user kurzprosa,1
@user your welcome,2
Miley Cyrus √ºbertreibts langsam leicht.,0
@user:#Hypo #Real #Estate Ex Chef klagt seit Jahren sein Gehalt ein.Nun fordert HRE Schadenersatz v Ex-Managern http,1
RT @user: Ich muss wieder mehr Beats machen. NEVER SLEEP CAUSE SLEEP IS THE CAUSE OF DEATH #nasvoice #music‚Ä¶ http,2
"dasErste Mediathek http text/css Unglaublich! ""Miete rauf, Mieter raus!""",0
"Weisheit des Tages: Wer gut schminkt, brauch weniger Schlaf",1
"@user mach das, @user wird dir unheimlich dankbar daf√ºr sein",2
same shit again :/ #ak #abschlussklasse #10 #rsbonlanden #realschule #scheiss #schule http,0
RT @user: Alles wird gut! Pofalla erkl√§rt Probleme dieser Welt f√ºr beendet - http #pofalla,1
"@user jaaaaa, h√§tteste halt ma Entw√ºrfe mit Sinn gemacht, wa!? :-P",2
"Ausgeglichenes Spiel,Hummels mal wieder ne Katastrope. Ein UE w√§re wohl verdient gewesen aber so ists auch Ok. http",0
#wahlschau Kriminelle S√ºdl√§nder √ºberfallen brutal Rentner http,1
"@user umm, shoot, ummm #DugMyOwnGrave. Lol.",2
Die erste gro√üe liebe vergisst man nie ;(,0
Fiat Panda Neuwagen g√ºnstig kaufen mit Rabatt - Premiumcars24 Neuwagen kaufen mit Rabatt http,1
"Gut 21 Lauf-km im Sack &amp; p√ºnktlich zur√ºck, um den FRANKFURT MARATHON zu verfolgen.",2
@user Damit machst du dir den Rhythmus dann komplett kaputt.. Versuch mal komplett wach zu (cont) http,0
"06.08.13 16:00 Bludenz: heiter, dunstig 31¬∞C. Wind:N/4 km/h. Regen:0,0mm http",1
"@user nice. verdammt nice. danke. ich h√§tte mich echt ge√§rgert, w√§re mir das entgangen.",2
"@user Ich glaube nicht, dass ich da schlafen k√∂nnte.",0
RT @user: Sony Smartwatch 2: Intelligente Uhr im Hands-On: Sony zeigt auf der IFA seine bald in Deutschland erscheinende... http,1
"@user Ne ne, eindeutig !!! SP-lastig;-)))@user @user @user",2
mir geht heute sowieso alles auf die nerven,0
#Deload phase 1 Day 7! #SHFAthlete #HTH (@ Grand Platinum Fitness) http,1
"@user Ach schatz. :'D wir waren uns doch einig, dass ich H√∂rn habe.",2
Wieso nennt ihr euch @user wenn man keine infos bekommt? Einfach stillschweigen und 20min weniger Versp√§tung anzeigen?,0
@user Programm neben Ai?,1
Peach vodka flush kar di meine :),2
Robbens Bewegungen beim feiern sehen nicht gut aus‚Ä¶. WTF,0
"Schon gewusst: 4010 hat das Comfort Complete Friends L Paket, bei dem Ihr 24x 10,- ‚Ç¨ sparen k√∂nnt....und wir... http",1
RT @user: @user YO SWAQGGY!,2
Saftig geschriebener Taschentrafo,0
@user Keine Ahnung.,1
@user Jep! F√ºr mich auch bitte! Guten Morgen! :-),2
@user Oh ja... und wenn man dann auch noch unterm Bett s√§ubern muss ._.,0
"Wo Unrecht zu Recht wird,wird Widerstand zur Pflicht!!!",1
"Wow, das war echt witzig, Max. Applaus.",2
Montag soll einfach sterben gehen. PUNKT.,0
"@user Zuerst der XBox Controller, und danach die Bonbons um den Schmerz zu tr√∂sten.",1
man muss drittkl√§ssler lieben. vorpubert√§t for the win. :D,2
Manche Menschen sehen ohne Schminke echt komisch aus o_o',0
#GEWINNSPIELTEILNAHME #gratis! Mit Gl√ºck eine #Playstation 4‚úî GEWINNEN? ‚ûΩhttp ‚úî #gewinnspiel,1
@user Altmaier war schon hier. Aber auch schnell wieder weg... #Termine ;-),2
Innerseelischer Konflikt :-[,0
Merkw√ºrdiger Traum!,1
@user deal! Helles? Augustiner? Was m√∂chtest du?,2
@user leider kaufen genau bei Sparkassen viele Leute sowas :(,0
@user meine Erfahrungen: Cardio (&gt;30 min) &amp; low Carb.,1
@user Dieser Blick 'ne? Ich liebe den. xD http,2
"@user soll tun,was er f√ºr richtig h√§lt Dennoch sei mir erlaubt nicht gl√ºcklich zu sein,wenn 2 WM-Spieler verkauft werden #Gomez #Gustavo",0
"Clogs: Birki SUPER BIRKI AS #68621, Unisex-Erwachsene... http #birki #blau #blue #sandalen #super #unisexerwachsene",1
"So unfassbar m√ºde - gute Nacht, ihr H√ºbschen &lt;3",2
Was f√ºr ein j√§mmerlicher Haufen. RT @user: Oracle: Open Source nicht f√ºr das US-Milit√§r geeignet http #linux,0
"Clogs: Ganter Sonnica, Weite E... http #520280570000 #clogs #damen #ganter #grau #pantoletten #sonnica #weite",1
RT @user: @user @user seine tweets haben zu 99% einfach keinen sinn üòÇ http,2
@user Das macht mir Angst.,0
Gefragte Produkte: K&amp;N Luftfilterreinigungsset: ReinigungssatzDer Reinigungssatz besteht aus‚Ä¶ http,1
"@user *schaut ihn nach dem Kuss an und muss anfangen zu lachen* ha ha du schaust so doof aus ,, schau mal in den spiegel :P",2
zur√ºck zum sushi house? RT @user: Geht gar nicht...hab schon wieder Hunger..,0
Raus aus den Schulden: Peter Zwegat rettet Familienplanung eines Paares: Diesmal steht Peter Zwegat in seiner ... http,1
"""Ich hab das internet gel√∂scht"" Na dann herzlichen Gl√ºckwunsch!",2
"Aogo? Wof√ºr? Sinnlose ""Verst√§rkung"" #s04",0
"Bundesliga Wrap: Eintracht Frankfurt bounce back, Stuttgart lose again http - #1 Fan @user",1
@user Nat√ºrlich :D was denkst du denn?,2
Fressen Lieben Kotzen #veranstaltung http,0
Also meinen namen eher nicht. Aber wir k√∂nnen nat√ºrlich auch mal aufnehmen. LG Schmiddy_LP (@user http,1
@user Die Liebe unter Verwandten. :'3,2
@user ich werde halt trotzdem noch viel zu schnell mad,0
Arbeitgeber: Studenten halten nicht mehr viel von Banken http,1
"@user Gute Nacht Angelika, schlaf gut und tr√§ume was Sch√∂nes! ‚ô°",2
"@user Wehe, ihr schaltet @user nicht p√ºnktlich auf!",0
@user was macht Obama wenn in Syrien innerhalb der n√§chsten 9 Tage wieder Giftgas von den Rebellen eingesetzt wird?,1
Endlich! Uli Hoeness schl√§gt zur√ºck. #steueraff√§re #stern #vorverurteilung #informant http,2
"Ok ich komm so nicht klar, hab grade meinen gastvater aus England getroffen.",0
#TVDuell Frage an die beiden : Ich muss mit weniger als 400‚Ç¨ im monat klar kommen warum wird die jugend die... http,1
"RT @user: ""Guten Tag, verehrte Fahrscheine... √§h... Fahrg√§ste."" (Piotr Schuff)",2
Oder vielleicht liegt's auch einfach an mir. Vielleicht bin ich einfach so abgrundtief schei√üe.,0
RT @user: RT @user: iPhone Gold. Das Ed Hardy unter den Mobiltelefonen.,1
RT @user: Welch geiler Slogan!! Besser geht's nicht !!!!!!!!! ‚Äú@bvb_blog_berlin: EVONIK!!! TOP SPONSOR!!! http,2
@user kent ten ns3eb kein chiwahed fdari :(,0
"RT @user: @user : ""und sie sind also der Sohn von Frau blaskow?"" - nachtw√§chter des Hotels: ""und das m√ºsst ihr jetzt auf‚Ä¶",1
Mukke machen war wieder mega gut! Jetzt wird erstmal sch√∂n geschlafen! #gutenacht #welt http,2
zu gro√üe tunnel sehen so h√§sslich aus im going to vomit,0
".. allein open source eine chance hat, k√§ufer und besitzer von software zu sch√ºtzen, daher wird es weitere angriffe gegen open source geben",1
#awww #Hasen #Kaninchen #rabbit #Babys #looove #bei #uns #an #der #schule! #so #flauschig #und #klein!‚Ä¶ http,2
@user in Deinem Zeitfenster sicher nicht. Aber ab KM 30 werde ich gerne nass ;-) @user @user,0
Studie: √ñkolabel f√ºr Autos bei Verbrauchern kaum bekannt http #Riester,1
@user @user gratuliere!,2
Die Websites der NPD sind bei mir grade down. Dabei suche ich Argumente aus der rechten Ecke ... Unauffindbar. :/,0
Versp√§tete Zahlung: Nach 17 Jahren erh√§lt Mann sein Preisgeld http,1
Too much dessert! hehe http,2
leider wurde um 17:06 aus versehen meine SIM gesperrt (GK) und nun kann ich weder telefonieren noch simsen // what to do? @user,0
Der Herbst bringt gro√üe Raubfische http #angeln #herbst,1
"@user Ooook....entt√§uschen nicht, sieht aber aus wie mehr als 20cm Unterschied, deswegen :) have fun",2
Brauche mehr Hoodies... habe kein Geld.. fuk yu moni,0
"@user @user Keine Pumpen im Tiefbhf? Liegt bei Hochwasser Tiefbhf unter Neckarpegel, so da√ü Abflu√ürohre nix bringen w√ºrden? #S21",1
@user lief risch gut;),2
RT @user: Schule :( Nach diesem Wochenende einfach keine Lust....,0
Alasan Kempf Tolak Gabung Juventus: Wonderkid Eintracht Frankfurt; Marc Oliver Kempf menolak untuk pindah ke J... http,1
@user woahaaa geil lea :) das muss echt ein geiles Gef√ºhl sein. Krass. Gl√ºckwunsch :'),2
Will einen neuen Header aber ich bring es nicht √ºbers Herz mein jetzigen tollen Header zu entfernen ;-;,0
"RT @user: Herr, breite Deine Arme aus und spende mir Schatten. Amen #jesus #christ #sonnenstich http",1
"@user Ich mag ihn auch echt gerne, haste fein gemacht!",2
@user dortmund nicht sch√∂n,0
RT @user: Kurz√ºbersicht was wir #piraten im Bundestag erreichen wollen (1/2) #btw13 /bo http,1
"@user Guten Morgen. W√ºnsch' ich Dir auch! Muss heute aufs Zollamt fahren meine Quilts abholen - yay, endlich! Was liegt bei Dir an?",2
"RT @user: ""Ich hab meinen D√∂ner verloren. ICH SOLLTE NIE EIGENE KINDER HABEN. ICH KANN NICHT MAL AUF MEINEN D√ñNER AUFPASSEN!""",0
#opblitzkrieg Innenminister Pistorius t√§uscht Interesse an Datensicherheit vor! http #GAGA,1
Drau√üen grau &amp; regnerisch. Perfekt f√ºr 5 Folgen Shopping Queen. üëç,2
@user's account is temporarily unavailable because it violates the Twitter Media Policy. Learn more.,0
"A13 Zwischen AS Kayl und AS Schifflange Bauarbeiten, Fahrstreifen gesperrt, Dauer: 22.08.2013 08:30 Uhr bis 16:00 Uhr #ACL_A13",1
‚ô´ Lerelei Lerelei ohhhhhhhhh Lerelei ‚ô´ Maite #EventoDigital,2
Gl√ºckliche P√§rchen. Ih. Pfui. B√§h. Aus!,0
Sch√§uble: Neues Paket f√ºr Griechenland w√ºrde kleiner ausfallen ‚Äì Presse http #dowjones,1
@user um chicken duh ily,2
"RT @user: NSA-Kritiker¬†Ilija Trojanow: ""Die Regierung verteidigt unsere Rechte nicht"" http",0
RT @user: Onliekommunikation erzeugt soziale K√§lte. #Symbolbild @user @user http,1
@user Hat bei meinen Facebook Freunden noch keiner gemacht xD,2
RT @user: CDU/ CSU = Stillstand CDU/CSU + AFD = R√ºckschritt nahe zu ins Mittelalter,0
#bz: Kein Geldbeutel: Karl Lagerfeld bezahlt niemals selbst http #berlin,1
@user lmao ich lach mich schlapp,2
@user oküòî,0
HR:  +++ Flum freut sich √ºber Konkurrenz +++ Eintracht Frankfurts Johannes Flum hadert nach der knappen... http,1
"Ohne dich, bin ich wie ein Stern ohne Licht... ‚ô°",2
Josephine Angelini: G√∂ttlich verloren http,0
Offene Kamine Design: Tipps f√ºr ein gutes Gesch√§ft Herd mit Hilfe von Auction Web-Sites bekommen http,1
"Bitte, bitte - haut voll rein. Lasst die BL nicht zu langweilig werden. Forever HSV @user: Countdown zum BL-Start....! Come On #BvB !!!",2
@user ---- uuffffff,0
Grand Theft Auto 5 - Erster DLC hei√üt angeblich ¬ªNorth Yankton¬´,1
@user H√ºbsch!,2
"@user ""viel viel Koffein, wenig wenig Feingef√ºhl""",0
1. Gleichbehandlungsausschuss: 1. ordentliche Sitzung bereits passiert #uvsitzung13,1
@user sieht sicher cool aus zB mit Schwarzer Strumpfhose u Stiefeln!,2
Einmal Weltuntergang zum Mitnehmen bitten. Danke.,0
RT @user: PS4 / Xbox One: Ed Fries sieht gro√üe Publisher verschwinden http via @user #xboxone #playstation4 #konsolen,1
"Amazon Smartphones, Handys, Telefone, Zubeh√∂r &amp; mehr - immer g√ºnstig! http",2
@user Keine gute Nachricht.,0
"#2: Gangster Squad (Steelbook, exklusiv bei Amazon.de) [Blu-ray]: Gangster Squad (Steelbook, exklu... http #actionfilm",1
Wtf Genzlinger (Paul) aus New Girl spielt bei Being Human mit O.O WTF O.O,2
Selten sinnloser Beitrag @user: Ahnungslosigkeit durch Digitalisierung http #realit√§tsferne #nichtsverstanden,0
Ins Blog stellen oder nicht ‚Ä¶,1
K√∂ln Nachrichten: Gamescom 2013: Besucherzahlen explodieren http,2
"Ich w√ºrds mir am liebsten meine Beine abhacken, so weh tut das. Offene Blasen, juhu ...",0
"RT @user: Stiftung Warentest: ""Keiner schneidet gut ab"" 13 Onlinespeicher http ""Manko: Daten¬≠sicherheit ..."" (German ‚Ä¶",1
Ihre Augen entkleideten ihn geradezu - langsam aber sicher - St√ºck f√ºr St√ºck http @user #erotik #humor #liebe,2
@user Und mein Fisch dauert noch 20 Minuten :(,0
"Kind sagt, ihr macht immer nur Quatsch!",1
@user hahaha tragisches Ende einer wundervollen Beziehung,2
"@user So soll's sein, hoffentlich √ºberwiegt aber nicht das Leiden dararn oder darunter, aber Liebe ganz ohne leiden ist nicht zu haben!",0
"@user Hilft Zeit, Arbeit und Geld sicher weiter, wenn man dann auf Twitter gegen Leute rantet. I see the point.",1
Aber wie cool war bitte der Kristen Stewart Tweet?,2
@user Ka..ich tr√§um immer unlogisch :'((,0
"@user jag va hungrig, ok?",1
#psalm #23 #ich #will #bei #dir #bleiben #mein #leben #lang #gott #ist #immer #da #seine #arme #sind‚Ä¶ http,2
@user biological parents cause depression,0
RT @user: fr√ºher war mehr 20:15 uhr.,1
"RT @user: Super: #Gysi klarer Gewinner bei ARD #ueberzeugtuns zur #btw13 mit 45,3 %! http",2
@user Fr√ºhdienst und leider nicht am WE frei. Schlaf gut,0
Hola @user,1
Qualit√§t Alter Klassikgitarre Sehr Gute Klang und Gut Erhalten: Hamburg | Qualit√§t Alter Klassikgitarre Sehr G... http,2
@user @user ich erwarte gar nix mehr vom @user,0
Robert Hartmann leitet Spiel gegen St. Pauli http,1
@user da bin ich in letzter zeit auch √∂fter und heute war es da richtig sch√∂n :3,2
@user wieso sollten man Leute f√ºr Dummheit belohnen?,0
"Preisabschlag 50% Preis: 15,00 ‚Ç¨. Textilien: s.Oliver SELECTION Damen Bolero 3/4 Arm 11.307.39.1820, Gr. 34,... http",1
‚Äûverfluchte schei√üe geil‚Äú,2
Irunge metu getehe-_-,0
Die besten Schweizer Kredite des Monats Juli 2013! http,1
"Speechless~""@user: Kangen @user :')",2
Oh oh Die Batterien sind leer....das wird meinem Schatz nicht gefallen....,0
"pv magazine Deutschland: ""Suntech fehlt klarer Businessplan"" http",1
Heute 7h 1min und 54s Videoday geschaut war voll toll Y-Titty beste Leben. #ytitty #haltdeinmaul #videoday #videoday2013,2
@user besseres kompetenteres Personal einstellen?,0
RT @user: Darf euch meine Br√ºste nicht zeigen. Findet der Mann nicht toll. M√ºsst Ihr halt Eure zeigen!,1
@user *gaaaaaaaanz fest dr√ºck* was los?,2
"@user meiner nicht.. -.- Warte noch darauf, dass meine Tutorien ausgelost werden und die Chancen werden immer schlechter.. -.-",0
Gefragte Produkte: Schild Durchgang verboten: Kunststoffschild;Farbe: gelb;schwarze Schrift; http,1
SGE ;-) Eintracht Frankfurt siegt auch gegen Maccabi Tel Aviv http,2
Versto√üen...,0
Mit dem Texte schreiben Geld verdienen| Geld verdienen mit Blogs und der Webseite http | #geld #verdienen #backlinks,1
Ach und: Gratulation nach M√ºnster. Have Fun in der n√§chsten Runde.,2
Manche Leute k√∂nnen echt nicht buchstabieren. Da denken einige nach Android 4.4 KitKat kommt direkt Oreo oder Twix. Dafuq?,0
Geldsorgen Fehlanzeige: Williams zuversichtlich #F1 http,1
Per 'Pelle' Nilssons Einsatz gegen den FC Augsburg fraglich - erneuter m√∂glicher Startelfeinsatz f√ºr Berkay... http,2
@user Einfach kein Deo nehmen?! #nutzlosevorschlaege,0
"√ºbrigens sind das im neuen nintendo 2ds keine zwei separaten bildschirme, sondern nur ein(!) gro√üer... http",1
@user Just be grateful you're not Miley Cyrus,2
Soo. Die #22UhrNonMention 's d√ºrfen nun beginnen...meins war schon. Zu fr√ºh. Besser als gar nich.,0
"‚ÄûActa Materialia Student Award 2013‚Äú f√ºr Dr. Melanie Timpel, #HZB. Preis√ºbergabe 28. Oktober, MS&amp;T, Montreal. (ar√∂) http",1
"@user sch√∂n, nicht?",2
@user weh...,0
"@user Gute Nacht! K√∂nnen Sie erkl√§ren, was passiert mit der Unterzeichnung des zaqueiro Vilson SEPalmeiras?",1
@user solche Worte passen nicht zu einer so h√ºbschen Frau. :-),2
@user @user Waaassssss???? Wer sagt sowas denn? Alter Schwede üò≥!Hoffe nicht die Jungs selber!,0
"@user dagegen spricht nat√ºrlich, dass jede Serie irgendwann endet... // @user",1
@user Falls Karyu dann Angelo verlassen w√ºrde. ^^,2
B√∂rse Frankfurt: US-Geldpolitik macht dem Dax zu schaffen http #Geld #Finanzen,0
Venedig: Gro√üer Preis der Jury f√ºr Film aus Taiwan! http http,1
@user aynen √∂yle schaweater :) @user,2
@user l√§uft und hat so gut wie keine √§nderung mitsich gebracht. optisch zumindestl.,0
K+S: Erwartet schwach http,1
@user ja. *-* wundersch√∂n vorallem diese insel war der Traum *o*,2
"Nervt mich voll, dass ich Samstag nicht da hin kann.",0
RT @user: Urteil: Katholische Schule darf muslimischen Jungen ablehnen... http,1
Komme dank meines Feuerwehrausweises gratis aufs Frequency.,2
(reagiert nicht),0
Muss bald mal bei H&amp;M bestellen. ,1
@user Aber die Seite schaut echt toll aus :3 Und da steckt sau viel Liebe drin :3,2
@user Schmeckt bestimmt nicht sehr gut.,0
"Beim Abendbrot ne, da sa√ü meine Schwester neben Luka.",1
Oooooaaaa Robert Pattinson sieht in der #DiorRob Werbung megahei√ü aus. Respekt Robert :o,2
". o O ( warum ist Hitler √úBERHAUPT noch irgendwo ""Ehrenb√ºrger""? ) Ich deute das Wort ""Ehre"" wohl falsch. W√ºrde vieles erkl√§ren.",0
@user War eine eigene Buchungszeile. Kann's leider nicht mehr im Online-Banking einsehen aber in meinem eigenen XLS @user,1
Dat was echt zn sarcastische lach weetjewel.,2
#Ich #raff #nicht #wie #sehr #sich #Leute #√§ndern #k√∂nnen #i #need #a #girl #in #my #life #forever‚Ä¶ http,0
"Heiko berichtet √ºber ""Die Terror-Kr√∂te vom Oggenrieder Weiher"": http",1
Wir w√ºnschen unserem FC Carl Zeiss viel Erfolg beim Heimspielauftakt 2013! ‚Äî at Ernst Abbe Sportfeld http,2
"@user Sch√ºtzengrabensimulator 1916 w√§re auch nicht sonderlich spektakul√§r. Ginge vermutlich Richtung Papers, please",0
"@user @user @user @user So f√ºllen, wie es hilft seiner Furcht oder Neugier zu z√ºgeln. Nur eben keine Religion daraus machen",1
"Sorry, dass dieses WE kein Video kam, daf√ºr bekommt ihr jetz in 2-3 tagen schon wieder eins ;)",2
So. Letzte Zigarette f√ºr heute. Morgen wieder 10 Stunden arbeiten *seufz,0
Suppe schl√ºrfen,1
@user Guten Morgen liebe Kerstin w√ºnsch ich Dir auch :-),2
"RT @user: @user im not mad ""/ im sorry",0
Wann kommt n√§chstes Video?? (@user http,1
#Taunus -Gourmet: Die selbstgesammelten Kastanien frisch auf dem Grill r√∂sten...! So kann #Herbst Spa√ü machen.,2
@user wahrscheinlich besser so. mein bl√∂der hang zu gossip ...,0
Bei uns auf Arbeit gibts noch viel Spa√ü f√ºr wenig Geld.,1
"RT @user: Das Paradies verdient, wer seine Freunde zum Lachen bringt. Aus dem Koran",2
"Uh, @user holt sich Smail Morabit, ex @user. Schwieriger Charakter. K√∂nnte schief gehen. Gewaltig sogar",0
"RT @user: BVB-Boss Watzke: ""W√ºrde niemals J√ºrgen Klopp entlassen. Niemals. Nie""... http",1
"@user nat√ºrlich ,, auf Heute Abend""",2
@user ahhhhh gezellig haha eindelihk iemand die ik ken !!!,0
Einige SPD-Netzpolitiker erteilen Gro√üer Koalition deutliche Absage: http,1
"@user Wenn der Fernseher wei√ü bleibt, k√∂nnte aber auch ne wei√üe Dingens ... lach, kreisch, gacker #tvwerbungaushauseblocki",2
Selbst Peter und Olli f√§llt nicht viel zu dem Film ein. #schlefaz,0
RT @user: Ich brauch neue Gedanken. Meine sind schmutzig.,1
RT @user: Hiiii @user k√∂nntest du das bitte machen ? W√§re total lieb von dir :) &lt;3 #HeidiKlumbittegr√º√üeOneDirectionvondeutschen‚Ä¶,2
"@user Arschl√∂chern in eine Schublade stecken sollen. Ich bin komplett anders, als meine Geschlechtsgenossen.",0
"¬ªiPhone-Schlaf√ºberwachung mit kostenloser Brandwunde¬´, via @user ‚Äî http",1
RT @user: Ein 1:1 gegen Freiburg. Au√üer unserer Super-Pfeife Pep h√§tte das sonst nur noch van Gaal geschafft.,2
"Ich muss mir morgen erstmal einen haufen schminke ins Gesicht klatschen, damit ich ausnahmsweise mal gut ausseh. #lt",0
Schlicht und einfach Spaghetti mit Ketchup. No more no less. Just simple.,1
RT @user: Jetzt geht's los :) Unser CEO im @user Livestream mit @user http #Bloggerhuette #livestream,2
@user nigga!!!,0
Soziale Empfehlungen bald auch in #Google+ m√∂glich. #Update http,1
Drinking a Warsteiner Premium Dunkel by Warsteiner Brauerei ‚Äî http,2
"Toll, alle krank in meinem Umfeld. Ich wars net.",0
RT @user: Klaus Eck: Erfolgreiches Online Reputation Management: http via @user,1
Wow! Sieht echt klasse aus! http,2
@user Axt. Verdammte!,0
@user iste ideal m√ºslim,1
Geiler Arsch http,2
"Wat ne Kacke. Wenn man zum Termin l√§dt, muss man ja auch wat erz√§hlen... :D",0
"6. Luxtra Spezialit√§t: Angriff Attacken: Eisenschweif, Biss, Donnerzahn, Funkensprung",1
@user gut Nacht Tr√§um s√º√ü,2
"Meine G√ºte, so allein sind sonst nur Singlem√§nner Samstagabends 2:3 #gerpar",0
"Sofortkauf: 5 Mark Silber, Hessen, Ludwig III, fast sehr sch√∂n gebraucht kaufen bei Hood.de http",1
"""With or without you"" und Mann zerrt mich auf seine B√ºhne. Liegen nebeneinander, sp√ºren unseren Herzschlag, lieben uns.",2
"‚Äû‚ÄöFisch nach Bauernart, sehr scharf‚Äò ‚Äì bist du sicher? Du wei√üt doch, was beim letzt‚Ä¶‚Äú ‚Äì ‚ÄûIch brauche meinen Schmerz, Spock!‚Äú ‚Äì *Seufz.*",0
"Niederbayern: ""Blow up"" Gefahr gebannt http",1
"@user Man soll den Tag nicht vor dem Abend loben, aber man soll auch niemals die Hoffnung aufgeben ;-) :-D",2
schei√üe :&lt; http,0
Flotter Testkick in #Graz: @user nach 66 Minuten 0:1 gegen NK #Domzale aus Slowenien #SkyBuliAT #SSNHD http,1
Vin Diesel: Durch Arbeitslosigkeit zum Muskelprotz: Actionheld Vin Diesel hat seine imposanten Muskeln fehlend... http,2
@user das klingt gar nicht gut :-(,0
"Die Bomben meiner Stadt machen BOOM, BOOM, BOOM!",1
@user Jau-das mache ich auch-meistens. Wenn ich nicht gerade einkaufen muss oder √§hnliches ;) @user,2
@user ehrlich gesagt find ich sehen die headset tr√§ger noch alberner aus *g*,0
Was macht denn so @user heute Abend?,1
http #viagra sehr billig kaufen,2
@user Die gegenw√§rtig herrschende Gewalt ist m. E. sehr wohl ein Problem. Und vor allem wenig konstruktiv in der Sache. #lampedusahh,0
Syrien: Ban fordert Zugang f√ºr Giftgas-Inspektoren: UN-Generalsekret√§r Ban Ki-moon hat die syrische F√ºhrung au... http,1
"@user @user ich glaube, dass er eigentlich keinen blassen Schimmer hat, was er eigentlich will ;-)",2
"RT @user: @user #Totalschaden Einfach, leider.",0
21.08.2013: Kampf gegen Fracking erreicht England (neues-deutschland.de) http,1
"""Willkommen, bienvenue, welcome! Fremde, etranger, stranger. Gluklich zu sehen, je suis enchante, Happy to see you, bleibe, reste, stay.""",2
Cros Kindermusik braucht keiner.,0
"RT @user: #Black_Cat: Hey Du, was machst du so? komm in den kostenlosen Sex Chat http @user",1
Klasse √úbung http,2
Boah ey.... Hoffentlich spielt der beim Derby auch so Schei√üe.,0
Neuer Teilnehmerrekord beim Dresdner Elbeschwimmen ‚Äì √§ltester Schwimmer war 86. Zur Seite: http,1
@user @user compliment. Not criticism.,2
"Autsch autsch autsch! Sag doch einfach, dass du homophob bist, weil du denkst, dass Homosexuelle keine guten Eltern sein k√∂nnen! #wahlarena",0
"fraMediale-Preis 2014 ¬¥Digitales Lernen: Reality, Science &amp; Fiction¬¥: Zum einen richtet sich dieser Wettbewerb... http",1
"#ff @user #ff @user #ff @user #ff @user #ff @user #ff @user Ich verbeuge mich vor dem gro√üen Autor, Chapeaux!",2
Ultimative Langeweile..... Ich sterbe mooooooah D:,0
"... #Politik ... Herzspende, amtl. beurkundet, zu Gunsten der Partei. Damit nicht Wort, aber Takt in anderer H√ºlle weitersCHl√§gt l√§gt √§gt gt",1
@user @user ok:),2
Irgendwie wirken meine Tweets mit diesem Ava sehr unseri√∂s :((((((((,0
Lieber einen riesigen Mega Hakuhodo Post oder auf zwei aufgeteilt (Blende und sonstige Pinsel)?,1
Endlich :) Open Suse 13.1 RC ... Wow! Einfach nur WOW! http,2
"Hmm - Client Tweetdeck funzt es. Weird shit. Naja, dann halt Client.",0
Michelle Wetzel: Will Smith tauscht Lebenszeit gegen Zeitreise http,1
@user sieht aber gut aus,2
Twitch?Dornr√∂schen lass dein BH herunter.,0
Robin Frijns Trennung von Erfolgs Manager http,1
"RT @user: Will ihn einfach nur bei mir haben, in seinen Armen liegen, seine N√§he, seine W√§rme genie√üen, seine Liebe sp√ºren.‚ô°",2
Instagram aufzumachen war keine gute Idee.,0
@user EE sind aber viel arbeitsintensiver als Dreckschleuderbetrieb. Z√§hlt Klimawandel und Zukunftsperspektiven nichts mehr??,1
"@user Wundersch√∂n Dani siehst auch so sehr gut aus, k√º√üchen",2
@user @user *leise wein*,0
unglaublich. http,1
üòÇüòÇüòÇ Selten geil !! ‚Äú@jardinduvin: Was mir bei Frauen am wichtigsten ist: http,2
@user bringt durchs Telefon nichts...,0
"#Trends. Deutschrocker verneigen sich vor¬†Fritz Rau: ""Der gro√üe Impresario!"".. Check out! http http",1
RT @user: Mein Wahl-o-mat-Ergebnis √ºberrascht mich √ºberhaupt nicht :) Auch testen? http http,2
@user *unter Decke begraben werd*,0
@user na bevor du vor der T√ºr geschlafen h√§ttest? am ende h√§ttet ihr nen netten Abend mit anschliesendem sex....usw,1
"@user so schlimm sind die nicht, ich sehe keine Probleme, da gibts bedeutend schlimmere √∂ffentliche Accounts @user",2
"Bahn okay, daf√ºr Stau kurz vor der Ausfahrt???",0
"Nimmst du irgendetwas wahr, dass kein anderer sieht? ‚Äî nope :D http",1
RT @user: Photo: Gru√ü aus #thrudheim (Part 2) #nofilter http,2
Warum sind die Antworten untereinander ;_;? ich Blick hier bei den Tweets gerade nicht mehr durch,0
"Endlich, Microsoft schluckt die Handysparte von Nokia oder das trojanische Pferd Stephen Elop meldet Vollzug http",1
Samsung 3D-Fernseher gewinnen!: Gewinnen Sie den Samsung UE46D8090YS 3D LED Fernseher. Der 46 Zoll Fernseher m... http,2
"Och ne, jetzt singt Nicole auch noch? HILFE. #sg",0
"Leute, die ein paar GB geklaute Musik auf dem Rechner haben und sich √ºber einen geklauten Tweet aufregen...",1
"*WIE NEU!* Tolle MBT Herren Sportschuhe, Mahuta blau Gr. 45 CHF 89,90 http",2
@user okay:) leider nicht in meiner N√§he aber vielleicht sieht man sich ;),0
Tainted Talents (Ateliertagebuch.) ¬ª Wir sind nicht allein http,1
"""Hart aber fair"" mit 5,27 Mio Zuschauern Tagessieger im Ersten http #politik #news",2
@user igitt! gels! b√§h! (aber trotzdem danke),0
Aktualisiert: ERSTBEZUG: Wohnkomfort in Gr√ºnruhelage nahe dem Hauptbahnhof http,1
@user nope. 8 zoll im 4:3 format sind in meinen Augen perfekt.,2
"RT @user: Oh, der Bundestag beschlie√üt 450-Euro-Jobs, liebes Volk. Vern√ºnftig, schlie√ülich HABEN DIESE SESSELPUPSER NICHT MEHR V‚Ä¶",0
Kingdom Hearts nur f√ºr PS3 ab dem 13.September erh√§ltlich. http,1
@user und dann mich anrufen und 5 minuten ente ente ente ente ente sagen. ja das kannst nur du xD,2
ƒ±ch bin nicht gl√ºcklich,0
"@user Oh ja, k√∂nnte besser anfangen die Saison. Was hast du denn? Gute Besserung!",1
"@user was ich, nein, im leben nicht :P",2
"RT @user: Komisches Land Deutschland; GipsyBeer klingt ""voll cool"", Zigeuner-Bier aber nicht oder was?",0
Amazon OUTLET SCHUHE &amp; HANDTASCHEN jetzt stark reduziert http,1
"Ach, Glubschi. Versuch doch bitte nicht, b√∂se zu gucken. Sonst muss ich lachen. #afcbvb",2
Wir nehmen daf√ºr Elsass Lothringen zur√ºck haben: Montag wird H√∂lle.,0
"@user Verzeihung, Eminenz!",1
Ab morgen Abend bekommst du sehr feines (nichts saures) auf die Ohren! &lt;3 http,2
"Aber jetzt kommt da sogar Heino schon hin. Heino, auf einem Metal-Festival. Da leck mir doch einer die Hoden. Geht den Bach runter. #LT",0
Bauarbeiten sind abgeschlossen ‚Ä¢ Inbetriebnahme des neuen Bahnsteiges ‚Ä¢ Schienenersatzverkehr wird eingestellt Ab... http,1
@user especially because it was in german. Danke Sch√∂nes M√§dchenüòä,2
Aaaahhhh... Deres nh deres:'(,0
Historischer H√∂chststand an der B√∂rse: Dax springt √ºber 9000 Punkte http,1
"ach ja, bissl was von allem heute... da f√§llt mir nur dieser Song for the day dazu ein:... http",2
Vorsicht! Betrunkene Pilger! http,0
Illegale Waffenwerkstatt ausgehoben: Mann machte Deko-Waffen scharf http #Panorama,1
Schule gerade meine 82j√§hrige Mutter von Windows auf Mac um. Das geht. Umgekehrt w√§re eine Zumutung. ;),2
"Paradox ist, wenn man den Guardian sch√ºtzen muss.",0
Hey Hey Hey !! ... Vielen Dank allen die am Samstag trotz des hochsommerlichen Oktoberabends den Weg in den Salon... http,1
"@user ach sehr gut, au moins eins",2
"Let¬¥s Play together Brickforce #10 Mist, Zu weit vom Mikro weg: http √ºber @user",0
RT @user: USA: Waldbr√§nde erreichen Yosemite-Nationalpark http #Yosemite,1
@user Sieht super aus. Ende. üòâ,2
@user üò∂,0
"@user @user hab ich auch gedacht auf den letzten Fotos echt s√ºss.olly murs muss die Hose in Stuttgart geplatzt sein, peinlich",1
Der @user tut echt geile musik machen. Nix mit Boyband hier.,2
#Krankenhaus #chillen #Kopfschmerzen #aua #Kreislauf #schwindelig #nicht #laufen #k√∂nnen #geiles‚Ä¶ http,0
"""Shades of Grey""-Verfilmung: Don Johnsons Tochter spielt Anastasia Steele: √úberraschung: Keine etablierte Holl... http",1
"Entspanntes Kind :))) ""rechnen war sooo leicht""",2
@user FLEX! w√§re so schon vor 10 Jahren n√∂tig gewesen :(,0
"Lustlager die Zweite, bitte! - H√∂chst spannend, H√∂chst kulinarisch, H√∂chst barock http",1
@user nat√ºrlichüéæ,2
@user im not:((((,0
"Dieseldiebstahl: Gera: In der Zeit von Donnerstag, gegen 18.15 Uhr, bis Freitag, gegen 6.50 Uhr, brachen unbek... http",1
"RT @user: @user Zitat von ihr: ""Ich lerne gerade gelassener zu sein und rege mich kaum noch auf."" HAHAHAHAHA",2
Tolles Gef√ºhl nur verletzt zu werden :(((,0
A1: Mit meinen Sch√ºlern mehr bloggen unter http #EdchatDE,1
"@user Richtig, daf√ºr trage ich auch schon Material zusammen :-)",2
@user WELL CLEARLY YOURE NOT COOL,0
Wie Sie sich bei extremen Wetterlagen sch√ºtzen k√∂nnen - http #Wetter #Sturm #Verhaltensweisen #Vorsorge,1
"@user Danke sch√∂n üê∂üòä jetzt is aber Schluss mit lustig, weil ich ins K√∂rbchen muss. Der Wecker klingelt um halb 6‚Ä¶ schlaf sch√∂n üê∂üò¥üòä",2
Inhaltsleeres Erbrechen.,0
"#deal #schnaeppchen Fidor Prepaid Kreditkarte (keine Schufa) kostenlos + 1,2% Zinsen + keine Geb√ºhren! http",1
"@user Ach so. =D Wann hast du angefangen, Deutsch zu lernen? =D",2
omg zu schwer http,0
"@user Die Lauscher verstecken sich hinter dem Rand der Erdenscheibe, m√∂gen ihnen Eselsohren wachsen.",1
"RT @user: ""Mein kleiner gr√ºner lila Freund!"" #Pokemon",2
"@user ja.. schei√üe, wa?",0
RT @user: Bitte weitersagen - @user sucht Verst√§rkung: u.a. Visual Designer und Senior/Head Product Manager http,1
Die 2. Kl√§sser heissen die neuen 1. Kl√§ssler im Schuljahr und im Schulhaus Hofmatt 1 herzlich willkommen. http,2
Ich hasse meinen Laptop so sehr,0
Unverbindliches Kredit-Angebot f√ºr Schufa-freies Darlehen: G√ºnstiger Anbieter f√ºr Ihren Online Kredit http,1
Hej! Sch√∂ne Idee von @user: Abwrackpr√§mie f√ºr altes Design: http,2
"@user aua, echt hart",0
@user @user Vols,1
"@user ach Kwink. √Ñu√üerlichkeiten sind doch unwichtig, der Inhalt z√§hlt doch! #schleim :D",2
Wo kommt diese beklemmende Traurigkeit schon wieder her?,0
Wohnungs√ºbergabe ‚Äì Ablehnung durch Vermieter: Wohnungs√ºbergabe ‚Äì Ablehnung durch Vermieter Lehnt ein Ver... http Recht,1
"@user Du machst alles richtig, keine Sorge &lt;3",2
@user FUCK I WAS ASLEEP PLEASE FOLLOW ME #michaelisthebestest #michaelisthebestest,0
Fitness: Ayurveda ‚Äì Massage - Was steckt dahinter?: Ayurveda bedeutet: Indische Gesundheitslehre. Neben d... http #SWR,1
Hoffenheim f√ºhrt hochverdient mit 2-0 gegen Hannover.,2
@user @user Romantischer Kitsch.,0
RT @user: Notiz an mich: Warnweste kaufen. Finde meine nicht mehr.,1
"Heute geht es endlich wieder los, der Kampf um Punkte. Zum Saisonauftakt sind wir heute zu Gast bei der Union... http",2
"@user Garden of Delight, sind recht unbekannt, leider :3",0
@user @user Vielleicht Kanzler einer Honorar-Universit√§t. Aber ganz sicher nicht 2013 Kanzler einer Bundesrepublik Deutschland.,1
Oke gut! :) CHANTAL! :D ‚Äî Gehtt doch war dochh garnichtmal soo schwerr oderr?:DD http,2
Wenn schon alles gratis wird warum nicht auch Aperture üòï,0
@user Dann er oder sie sprischt Spanisch bitte. Buen viaje!,1
@user @user sieht voll sch√∂n aus *o*,2
@user @user Das doch super! Und was macht ihr gegen Terror?,0
Miss my nicht,1
Guten morgen! üíï - gleich kurz zur schule. :s,2
@user V√∂llig bescheuert. :3 Einfach nicht mit solchem Unsinn besch√§ftigen. w,0
Realsatire... ‚Äú@zeitonline: #NSA -Chef Keith Alexander verteidigt Sp√§hprogramme und fordert Ende der Enth√ºllungen http,1
"@user @user Na gut, dann komm halt mit :3",2
#sonntag #tired #me #boring #keine #lust #zu #l√§cheln #zeitungen #austrage# #keine #lust #viel #zu #fr√ºh http,0
#Wirtschaft: √ñsterreichs Italien-Exporte brechen ein: http,1
RT @user: Vier weitere Wochen Pause f√ºr G√ºndogan. Jede Menge Zeit also um den neuen Vertrag zu unterschreiben ;-) @user #bvb,2
@user :( okay dann halt Latte machiato. K√∂nnte etwas dauern,0
"@user @user Kalifornien und USA zeigen auch, dass parlamentarische Demokratie an Grenzen kommt, Regeln m√ºssen gut sein",1
"Kwam het toch nog goed: @user wint Rookie Cup-race Silverstone, @user wint European Junior Cup-race op N√ºrburgring. Klasse!",2
RT @user: Diese blauen Striche durch das neue Twitter Update sind so nervig.,0
"Nach Erdbeben nahe Fukushima: Japan r√ºstet sich gegen Taifun ""Francisco"": Ein starkes Erdbeben hat die Katastr... http",1
@user lol da brauch ich aber echt nen schauspielkurs vorher :') oder iwas lol wir m√ºssen das √ºben,2
"T√∂tet mich doch einfach, bitte, danke.",0
"New post: KS: Baunatal: Geldwechseltrick: Geschickter Dieb klaute unbemerkt 250,- Euro aus Portmonee http",1
Und wieder geht ein sch√∂ner (hei√üer) #Sommertag zu Ende - #Sonne #Baden #Sonne ‚òÄüö£üòé http,2
RT @user: Jede Nacht aufs neue einsam im Bett.,0
Georg Schramm - Die Fakten reden Klartext - Neues aus der Anstalt 01.10....: http via @user,1
@user haste kaputt gefahren wa? :p,2
@user don't text me back cool...,0
RT @user: BILD bekommt per SMS Informationen geleakt: EXKLUSIV! SPD-Mitglied macht das: SKANDAL! T√ºrlich.,1
@user @user @user @user @user Heyes sind AP das alleindas ist cool:D ich glaube nicht das die Pl√§tze schlecht sind,2
"@user Schlimm, nicht wahr?",0
@user ily,1
RT @user: #caring! c: @user RT @user: If You Love Freedom --&gt; Hug A Veteran &amp; Slap A Liberal,2
@user Das kann keiner beweisen! Aber ich bin nicht sch√∂n xD wirklich.,0
Haufenweise meiner Apps bem√§ngeln fehlende Kommunikation zum Server. √îo #isdochnichnormal #AusfallWegenRegen,1
"@user Sportlich, sportlich! G√∂nn dir zwischen deinen ganzen Terminen auch eine Pause",2
@user not nice,0
@user *keinen,1
Zwischendurch bekommt der Typ seinen harten Pr√ºgel immer wieder von meiner Freundin sauber geblasen ! 18+ &gt;&gt;&gt; http,2
‚ÄûLeck mich!‚Äú - Sch√∂ller launcht App-Game - also ich mag mein iPhone nicht abschlecken auch wenn die Idee lustig ist http,0
RT @user: Selbst Castle Fans aus anderen L√§ndern helfen mit! Castle Fans halten zusammen! #BringBackCastle @user,1
"@user richtig, Gr√∂√üenwahn!",2
#scheisse http,0
"#Merkel angeblich schon seit 2002 auf #NSA-√úberwachungsliste http #Merkelphone erregt, Millionen andere nicht!",1
"Schaut so aus, als ob der Sommer vorbei ist. In diesem Sinne, auf a gute Riversurfherbstsaison ;)... http",2
@user Daf√ºr mit mehr offensivem Mittelfeld. Alles nur um den d√§mlichen G√∂tze unterzubringen -.-,0
@user @user Partei zu Zukunftstechnologien wie der gr√ºnen Gentechnik und ihrem Hang zum Verbot als L√∂sung. Schwere Entscheidung,1
"@user Lol ja, aber nicht zu gut.",2
versicherung handy: Handy-Versicherung: Mit Sicherheit eine schlechte Idee | BASIC thinking versicherung handy... http,0
"esra: Robert Kurz √ºber ""solidarische √ñkonomie"" (6 Kommentare) http",1
@user @user awww....so geil....jetzt werd ich gleich wuschig... :***,2
@user Entsetzlich,0
"@user NUR EINS ""Virals - Tot k√∂nnen nicht mehr reden""",1
@user du hast deinen GermanDream wahr gemacht abi du bist der King Gl√ºckwunsch Platz 1 yes! yes! yes!,2
"mega geil, sich ohne licht schminken zu m√ºssen üòë",0
Europ√§ische App-Industrie: #Apps schaffen 800.000 Arbeitspl√§tze http,1
@user @user Hey Leute! :) Nachher Eintracht vs. Eintracht schauen? Vielleicht gegen 15 Uhr im Tower?,2
NICHT SCHON WIEDER!!!! SG Aumund-Vegesack - TSG 1899 #Hoffenheim 0:0 HZ muss als gro√üer Erfolg f√ºr Aumund-Vegesack gesehen werden.,0
Fahrradhelm Bicycle Gear Helm Erwachsene Gr. L blau http,1
"#beschtifacebookkomment√§rever ""h√ºbsch"" ""mercii :-)"" ""bitte""",2
Super. Sch√∂ne Kopfschmerzen.,0
"Volksbank Raiffeisenbank Dachau eG, Kammerberg: ""alles bestens"" http",1
Gute Laune Energie f√ºr die ganze Galaxie! http,2
"@user naja, nicht unbedingt abwegig ^^",0
Cremefarben Engel stehend 17cm http #sortimentsartikel #geschenkartikel,1
Baden. Endlich. Wundervoll. http,2
+EIL++ Dummes Fu√üballspiel wen k√ºmmerts,0
POL-LG: ++ Einbrecher in Gastst√§tte gestellt - Polizei ermittelt ++ frontal ... - news aktuell (Pressemitteilu... http,1
@user @user Ich nehm ansonsten auch Barbossa. So voll schmutzig. Und evil. Like a Boss.,2
Was macht G√∂tze eigentlich so. Hab gar nichts mitgekriegt. Spielt der auch weider Fussball? #sarkasmus,0
#Startup-Wettbewerb honoriert zukunftsweisende Big-Data-Gesch√§ftskonzepte http #awards,1
Facebook macht ungl√ºcklich. K√∂nnt ihr das best√§tigen? :) #SocialMedia http via @user,2
Asiatische Cosplayer sehen bei so richtig m√§nnlichen Cosplays auch nur schei√üe aus,0
"Berufst√§tigkeit mit Behinderung? F√ºr den deutschen B√ºrokraten eine kognitive √úberforderung. Seelig sind die, die ,,, http",1
Wir haben schon Wochenende! RT @user Warum kann der Freitag nicht mal seinem Namen alle Ehre machen?,2
POL-EL: Lagerhalle abgebrannt http,0
@user ja.....,1
RT @user: Happy Birthday And Happy Bar Mitzah Ben!! http,2
@user wuuut,0
"#Elektronik #2: Kindle Paperwhite [Vorg√§ngermodell], 15 cm (6 Zoll) hochaufl√∂sendes Display mit integrierter B...  http",1
@user super stars like Blaine gabbert,2
@user scheiss uf dich!,0
"RT @user: Pro D, AFD und FDP teilen sich einen Mast. Passt schon...",1
"hhahha duh , wenn L≈´gen Ghuet w√§re denn besch duh am tr√§ume ‚Äî ya ich bin von meiner tr√§um noch nicht aufgewacht http",2
"Ich wei√ü gar nicht, was heute eigentlich so lustig ist.",0
RT @user: Regierungsbildung in Hessen: FDP schlie√üt ‚Äûnichts mehr aus‚Äú http,1
"Neue Liebe gefunden, ach sind die Toll &lt;3 #exciting #Diva #justlikeadiva #JLAD #goodnes #girl #shoes @‚Ä¶ http",2
"Dieser Ausschu√ü diente nur dazu, eine echte Aufkl√§rung, dem dummen Wahlvieh, B√ºrger genannt, vorzut√§uschen. http",0
√úber men.... geredet. .... und sie holte aus hi hi http,1
@user Sieht sehr lecker aus :-),2
"@user @user @user Einmal das, obendrein sollten bei solchen verbalen Attacken sollten hater mehr Gegenwind bekommen.",0
RT @user: Sp√§haff√§re: Einsames Amerika... http,1
@user @user @user @user nicht nur eins :D,2
mhhh http brauch ma kurz meinungen :/,0
@user Sicherlich jedoch weniger Absicht dahinter.,1
Der Herr #Snowden sieht adrett aus: http,2
Scheitert Zusammenarbeit am Geld??? http,0
2:1 gegen Arsenal - Klopp feiert Trib√ºnen-Party http,1
@user yo:-) voll der lachsack:-) auch in den vines.. irre lache :-) @user @user,2
"Das war dann doch heute etwas viel im #Tatort, f√ºr #M√ºnster eher so mittelm√§√üig!",0
Dieses liebe M√§dchen wurde heute von unserem Teammitglied Jenny gefunden. Das Findelkind war voller Haarlinge und... http,1
Ce ciel... #sunset #coucherdesoleil #beautiful #amazing #palmier #beach #plage #street #evening‚Ä¶ http,2
@user @user @user Speed On gibbet nicht :/ wegen LTE besonders schade.,0
"Diejenigen, die fr√ºher zur Oberschicht gez√§hlt wurden, geh√∂ren heute ganz eindeutig nicht mehr dazu.",1
@user er twitterte schneller als sein Schatten... @user,2
Guten morgen oder besser gesagt schei√ü morgen ich zeige euch etwas sp√§ter mal meinen arm das wird immer schlimmer :(,0
"nicht mehr ganz frisch: George Clooney's ""Monuments Men"" (2013) First Look! ENTV: http via @user",1
@user ‚ÄûDu hast heute Lust besonders viel Geld f√ºr durchschnittlichen Kaffee auszugeben!‚Äú #starbucks,2
Klasen mit rot runter. Da hatten mehr fliegen m√ºssen. Lachhaft der Schiri. #tuskob,0
@user @user @user Dann gibts auch keine Tittenbilder mehr!!!!,1
"@user @user Also Angst w√ºrde ich keine haben, aber 29‚Ç¨‚Ä¶ Holla die Waldfee :)",2
"RT @user: OMG, ist das Ding h√§sslich. http #samsung #galaxy #gear Ich freu mich auf die #Apple #iWatch.",0
"""Meine Damen, meine Herren... bitte beachten Sie: dieser Zug wird in Hamm getrennt. Der vordere Zugteil mit den Wagen 21-27..."" HILFE?",1
"@user 86 lach ,, heheheheheee ,,,",2
"@user oha, dachte dein Typ war da gefragt :-/",0
Die Gegner sind alle voll weit weg #civ4,1
Guten morgen meine s√º√üen - good morning,2
"Idee: Kommunikationsmedium erfinden, in dem einen jeder Depp ungefragt anp√∂beln kann. Oh, schade, Jack Dorsey war schneller.",0
"@user Eigent√ºmlich Frei, Mises Daily, NZZ, Presse, orf.at",1
RT @user: ‚Äú@KusXAnke: Straks buikdansen w/ @user &amp; haar nichten ! Was super!,2
@user Aber wenns Kackbalge aus der anderen Klasse sind?,0
"#Luhukay: ""Keine neuen Verletzten. #Wagner steigt heute wieder ins Training ein."" #hahohe",1
"@user Poster, s√º√ües, undso ^^ Du brauchst doch sachen f√ºr dein zimmer ^^",2
#tvduell Seehofers Quatsch kann selbst Merkel nicht verteidigen..,0
@user besonderer Grund oder einfach so?,1
Sonne genie√üen. .endlich man!!!!!,2
Oo na kung Bitter :(((,0
RT @user: Knackige Slogans gesucht! http K√∂nnen uns vielleicht @user oder @user helfen? #followerpower #‚Ä¶,1
"@user Nein, aber deine Rezi macht sehr neugierig! üòä",2
@user Jop und wenn sich die Agenda nicht noch √§ndert muss er abends lernen :-\,0
R√∂sler: Monopolkommission best√§tigt Notwendigkeit eines Systemwechsels beim EEG http,1
Tolle Betriebsanleitung... #heuteshow #Gro√üeKoalition #GroKo http,2
"RT @user: ‚ÄûIch beuge mich meinem Schicksal..‚Äú ‚ÄûDu stehst auf.‚Äú ‚Äû..ist nicht leicht, sich damit abzufinden..‚Äú ‚ÄûDu stehst nur auf!‚Äú ‚ÄûAM‚Ä¶",0
RT @user: Auf geht's Eisb√§ren k√§mpfen und siegen! #Eisb√§ren #EBB #sechsPunkteWochenende,1
@user Tu das! ;) War nicht sonderlich lang...,2
Mit schlechter Laune :(,0
Infos √ºber Geschenke Shop bis hin zum Tamaris Online Shop - http,1
supi schwarz bitte @user @user @user @user @user @user @user @user,2
@user ICH GLAUB NICHT aber wieso bin ich so nerv√∂s ich bin sonst nie nerv√∂s aaaah,0
#Eishockey #Oberliga Oberliga Nord: Adendorfer EC nicht f√ºr gro√üen Kampf belohnt ‚Äì 3-4 gegen Rostock... http #Adendorf,1
@user Danke. H√ºbscher kleiner Kerl. ;),2
Gerardo Martino trauert Sieg gegen AC Milan nach http #championsleague,0
Amtsgericht Hamburg deckelt #Anwaltskosten bei #Abmahnung ¬ª http http,1
#heute #post #bekommen #offiziell #bayernm√ºnchen #bayern #m√ºnchen #mitglied #schal #karte #geil‚Ä¶ http,2
Neue Strafe f√ºr US-Rapper - Chris Brown zu 1000 Stunden Sozialdienst verurteilt http,0
"Viel Spa√ü bei 5 Minuten stehen ihr Ob Aluh√ºte wirken oder nicht, an einer Tastatur; wir instant da.",1
Erschma 2 Eis hintereinander reinpfeifen!,2
DE GUY LOOKS LIKE A DANGER TO SOCIETY!! @user er k√∂nnte ya im sumpf so n sch√∂nen LOVESHACK bauen--//not fer me!,0
Angry Birds Go! ‚Äì Racing Game im Angry Birds Universum erscheint am 11. Dezember 2013: Nach dem erfrischend an... http,1
Nettes kicker Team tool als demo von @user beim #mtc13 ;-),2
"@user ihh, takira nd aus -_-",0
Wieland-Haustechnik verst√§rkt Au√üendienst http,1
Wir empfehlen die http bei Amazon - Fight! :) http,2
"""Du bist wie eine Pusteblume."" ""Aww,Danke."" ""Einmal geblasen und kein Samen mehr.""",0
ROUNDUP: Griechenland ben√∂tigt laut SPD hohen zweistelligen Milliardenbetrag - AktienCheck: Presse... http #WiNewGooDe,1
"@user @user ich hab meine normale SIM von Aldi Talk in Nano SIM gestanzt, lief alles super !",2
"""@user: ""@user: . If I Ever Die These Hoes Gone Be Happy Asf.!""""",0
RT @user: @user http,1
@user mhm okay bei nicht versenden w√ºrd ichs dann wohl auch net tun xD,2
Dem anderen hinterherhecheln statt eigenes zu schaffen. Ohne mich.,0
"Debatte √ºber ""Veggie Day"": Gr√ºner Trittin kritisiert ""Drogenhandel im Stall"" http",1
...und weils so sch√∂n war gleich nochmals üòâlive @user concert Zurich Switzerland: http #greentour #letzigrund,2
RT @user: Schweiz Tourismus sch√§umt wegen der Oprah-Geschichte vor Wut. Vorteil: Den Schaum kann man dann bestens schlagen. http,0
Congo-Kinshasa: Govt Forces Seize 'Last Major' Rebel Base: [Deutsche Welle]Congolese officials say government ... http,1
RT @user: Schrott Ankauf Lahib ( http ) macht das Unm√∂gliche m√∂glich ;),2
@user dezent schei√üe!!,0
Studie: Kita macht Erzieherinnen krank - RP ONLINE: RP ONLINEStudie: Kita macht Erzieherinnen krankRP ONLINENo... http,1
"@user haha, auch nicht schlecht xD naja wei√ü nicht fand sie iwie immer cool, lustig, frech... xD hat nur doofe Kr√§fte halt xD haha",2
"'Vielen Dank, liebe Gr√ºnen', dass die Einzelfahrscheine schon wieder teurer geworden sind. Sch√∂n langsam wirds pervers o.O",0
LIVE #TREND (last 15 min): #MOST WANTED #KEYWORD #Demut insgeheim denkt wahrlich,1
"hach, bin ich froh, das ich GEZ Geb√ºhren bezahle, daher hat die Sportschau zum gl√ºck ja keine WErbun .. √§h was .. √∂hm .. √§hm .. tja ..",2
"@user Sorry, bin momentan unglaublich im Stress, ich meld mich heute Abend! Sorry!!!",0
"I'm at Trainingszentrum TSG 1899 Hoffenheim (Zuzenhausen, Deutschland) [pic]: http",1
@user Wow. Gl√ºckwunsch! Was musstest du daf√ºr machen? xx,2
"Erfolgreicher Transfer, senor Perez! Bale geholt, Kaka und √ñzil verloren, fans gespalten! #WelcomeBale",0
Magdeburger erzielen 38:31 gegen Balingen-Weilstetten: Zweiter Sieg im zweiten Spiel: Perfekter . . .: Magdebu... http,1
Dieser weg wierd kein leichter sein!!:)))) http,2
@user @user @user EDGE ausbauen lohnt sich finanziell am Ende wohl nicht mehr. Umsatz steht eben -leider- vor allem.,0
Erzwungene Digitalisierung http,1
"RT @user: im not gone lie im wide awoke , lol",2
@user ne danke keine deutschen produkte mit deutschem support mehr!,0
@user *Zur√ºckgezogene Version ist die RT Version. Mit der normalen Version sind bei mir keine Fehler aufgetreten :/@user,1
RT @user: @user ich auch muss schon um 6 aufstehen :( danke du auch love you xx :) &lt;3,2
shit Sas unicode SIX weil sich already reply macht Suche nach am habe oft meist brb Wien schon THIS SORCERY? Kann :3 meine Software via SieÔøΩ,0
"""Meine Paranoia ist allgemein bekannt"": Snowden brauchte die besten Journalisten http via @user",1
Vom B√ºro aus Helge Schneider beim Soundcheck h√∂ren - funny. ^^,2
Ich will einfach tot sein,0
RT @user: In meiner Jugend bin ich mal Marathon gelaufen. Also beinahe. Hab zugesehen. Im TV. War v√∂llig fertig.,1
"@user Super, Danke! Endlich mal jmd ders versteht ;D",2
@user aber ohne rae und Xavier :(,0
"RT @user: Wer ranted, das die Piratenpartei bl√∂de Liste aber gutes Programm hat, sollte mit Kandidatenantworten vergleichen http",1
Oh. Oh. Oh. Und ich will mir nach dem Praktikum endlich mal wieder die N√§gel sch√∂n machen.,2
@user Mutig? Unverantwortlich!,0
RT @user: Ein Fan hielt um seine Hand an ‚Äì Antrag mal anders: Will Ian Somerhal.. Kleine Ablenkung! http http,1
@user Daumen sind gedr√ºckt...und verr√ºckt? N√∂. F√ºr mich klingt das ganz normal :),2
"Kopf Wand Weiter Schalke! Ne, ich bin echt ersch√ºttert.",0
"RT @user: Eko Fresh spricht √ºber ""Eksodus"" (Video) @user #Eksodus #Bushido #Azad #MoTrip #Cassidy #KrayzieBone http",1
"@user In neun Monaten ... :-) Nein, sicher eher.",2
"Morgen eine neue Folge R&amp;I gucken und dabei wissen, dass der Schauspieler nicht mehr lebt :( #ripleethompsonyoung",0
18.20 Magazinbeitrag von der DEMO ab Freiheit 18h #M√ºnchen #Repression #Polizeikessel http ‚Ä¶ #refugeestruggle #non_citizen,1
Krasses ding! Bayern zeigt moral. Chechz doch noch bezwungen.,2
Ich hatte einen p√§dagogisch ganz und gar unvorzeigbaren Tag. Und einfallsreich war ich auch: nein! Nein! NEin! NEIn! NEIN! neiN! neIN! nEIN!,0
Deutscher Kinderschutzbund: Kindergeld zu Kindergrundsicherung ausbauen! http,1
Kraftausdruck meets Ahnungslosigkeit: Himmlisch :)! http,2
"Hab mir gestern nicht nur Sonnenbrand, sondern auch ne Erk√§ltung geholt. Echt jetzt?",0
"@user Musik. Musste meine SD-Karte formatieren. Habe nichts mehr aufm Handy. ^^""",1
@user das sieht aber mal gut aus...,2
@user Ignoranz? Arroganz? Kommunikative Bankrotterkl√§rung?,0
"Herrlich absurd, hauptsache sicher. http",1
@user Nachti tr√§um was sch√∂nes...,2
"√úber vier Stunden langer Spaziergang, einmal neue Beine bitte.",0
#Reutlingen #Zeuge nach Unfall rechts vor links gesucht 09.03.2013 http,1
.@user Vielen Dank f√ºr die nette F√ºhrung! War sehr interessant :-) #twagdeburg,2
@user jan buung jan buung :-((,0
"Microsoft Office, Alle Versionen spielend beherrschen http",1
"ANRUF ERW√úNSCHT: JENNY, sexy einf√ºhlsam und verschmust!: Ganz neu im *loft6* JENNY 26 blondes sexy Girl mit... http",2
Mario Basler muss irgendwann mal sehr unter Frauen gelitten haben. (Vermutung: seine Mutter),0
Milit√§reinsatz gegen Assad: Obama will in Syrien den Alleingang wagen: Das britische Parlament hat sich dem Sy... http,1
@user Album √ºbrigens 11/10 #perfekt,2
"Aufwachen und feststellen, dass der Arm taub ist. Voll drauf gepennt. Nice.",0
"So, Abfahrt. #jetzt #einkaufen",1
@user bissl hell oder nicht? :P,2
Unterschenkel gezerrt. Yeaaeeh.,0
Samstag Vormittag. #thenotebook http,1
"Danke an all die Gl√ºckw√ºnsche‚ô•,ich hab wirklich nicht damit gerechnet deswegen freut es mich nat√ºrlich um so mehr. Vor Ort war ich damit...",2
Seit einer gef√ºhlten Ewigkeit keine neuen podcasts mehr -.-,0
"On page 160 of 400 of Angelfall. F√ºrchtet euch, by Susan Ee: Die Wortgefechte von Raffe und Penryn sind ja wirklic... http",1
"@user Ein treuer Fan,Gratuliert dem VfB Stuttgart zum 120j√§hrigen bestehen. VfB:) Oleeeeeeeeeeeeeeeeeeeeeee",2
"RT @user: ""Immer versuchst Du mich zu therapieren!"" ""Und was macht das mit Dir?"" ""Orrr!""",0
@user die Klassiker schlecht hin!,1
@user Wundersch√∂n xD,2
"die haben auch keine anderen Hobbies als Lost Girl Dartseller in Rookie Blue zu stecken, oder?",0
"RT @user: Wat? ""Christian Lindner zur NSA-Aff√§re: Der Staat muss den Datenmarkt st√§rker regulieren"" http",1
"RT @user: @user Jepp, schaut gut aus! http",2
@user da gibt's wieder was auf die M√ºtze üòí,0
RT @user: Sei nicht zu m√ºde! N√§chster Halt: Romantik mit #Flirtbotschaft http #M√ºnchen,1
"Abpfeifen, mehr Spiel brauche ich nicht, Ergebnis passt #H96M05",2
"@user den Schinken wollte ich auch bestellen. Meine Burberry Hemden sind seit Monaten (!) r√ºckst√§ndig, aber bezahlt! @user",0
Claudia #Pechstein auch sportlich angriffslustig: Sieg bei DM √ºber 3000m in pers√∂nlicher SBL zum zehnten Titel bei einer Einzelstrecken-DM.,1
@user Wer hat dir eig. deinen neuen Avatar gemacht? Sieht echt klasse aus!,2
"RT @user: @user Nur dort zu predigen, wo eh alle zustimmend nicken, hat keinen Sinn. #wieschafeunterdiew√∂lfe""",0
@user @user ach so,1
Fr√∂hlich geliebte Metatablette,2
"@user Wieso muss man immer alles alte, gute wo funktioniert hat und wo jeder zufrieden mit war, einfach √ºber den Haufen werfen?",0
ePlayer: Highlights T√ºrkei - Niederlande. Titel: WM-Quali: Robben st√ºrzt T√ºrkei ins Tal der Tr√§nen. Kanal: L√§nderspiele,1
Highspeed h√§lt diesen Monat verd√§chtig lang o.o,2
"Na toll, ich muss dem #Taxi Fahrer den Weg erkl√§ren ... #Frankfurt¬†",0
"RT @user: @user @user. Das kann ich empfehlen und unterst√ºtze diesen Apell. Helft den Hilflosen, verhindert Missvers‚Ä¶",1
"@user @user @user Immer diese sturen Steirer :-p. Danke f√ºrs Entr√§tseln, klingt interessant, w√§r dabei - wann auch immer :-).",2
@user @user jap *‚Ä¢* &amp; kurz bevor Spongebob angefangen hat kam die Werbung *‚Ä¢*,0
"guten morgen aus hannover. mal sehen, was der tag so bringt. start mit #mobilepayments @ Park Inn By‚Ä¶ http",1
@user oder spaeter. Will nur kurz was holen und will dic sehen lololol,2
@user http,0
"""@user: #Islamisten terrorisieren liberale #Assad-Gegner | STERN.DE http #Politik #Bundestagswahl""@user",1
Yes das war nen Heiden Spa√ü. FEUCHTGEBIETE geiler FILM@Kxwoh http,2
Sch√∂n. KabelBW Anschluss tot. ‚ÄûEs k√ºmmert sich heute oder morgen jemand drum‚Äú‚Ä¶,0
RT @user: Was macht eigentlich... Christian Neuburger (Slut)? http,1
"Ich warte eigentlich darauf dass irgendjemand jetzt einen ""wei√üt du was noch voll hart ist""-Witz bringt.. xD",2
@user boah bitte Mach nd so den kindergarten sag doch einfach das I gemeint war und verkauf mi nd f√ªr dumm.,0
El Salvador: Getr√§nke-Multi fordert mehr Wasser-Gemeinden protestieren http,1
@user hi Natalie siehst verdammt heiss aus.Umwerfender body geiler strammer Po.,2
Die deutsche Bahn konnt sich grad nicht entscheiden ob der zug jetzt nun p√ºnktlich kommt oder nicht.,0
Unglaubliche 140.000.000 tote Zugv√∂gel jedes Jahr! http #Deutschland1,1
Meine augen wollen nicht von dir lassen,2
"RT @user: @user faschistoid? Oh Mann, Sie m√ºssen echt ihr politisches Emp√∂rungsempfinden justieren....",0
"""[Ger√ºcht] Zuk√ºnftige Apple-Kopfh√∂rer bekommen flexible Stecker"" http",1
Irgendwas mit rosafarbenen Einh√∂rnern. Viel Spa√ü allen beim #ccb13!,2
@user Peinliche Erkenntnis.,0
RT @user: @user bitte spielt heute das neue lied von @user #StoryOfMyLife ‚ô•,1
"@user punkrock de la fl√∂te de block! Klingt doch gut, oder nicht? üòâ",2
Nicaragua: Interozeanischer Schifffahrtskanal gef√§hrdet wichtigste Trinkwasserquelle ‚Äì Freibrief f√ºr den Investor http,0
schrott ankauf und abholung in nrw http einfach klasse,1
Gem√ºtliches Fr√ºhst√ºck (@ Pino Bar) http,2
"@user @user solange kein Beschluss da ist, gibts nur Stimmungsbild. Kriminalisierung weiter vorantreiben trifft‚Äôs nicht. @user @user",0
"Wegen Falschaussagen - Freund des Boston- Bombers angeklagt http August 30, 2013 at 10:02AM",1
"@user Pscht! Nicht hier! Geh doch bitte aufs Klo dazu, ja? Danke dir! &lt;3",2
dumme oma: 'der reifen hinten sieht ziemlich platt aus.' ich: 'der vorne auch.',0
Iran: Krieg in Syrien f√ºhrt zu mehr Terrorismus: Teheran (dpa) - Ein Milit√§rschlag gegen Syrien l√∂st nach Eins... http,1
"""Wir k√∂nnten abstimmen"" ""Wof√ºr denn? oO"" ""Keine Ahnung ... k√∂nnten abstimmen :)""",2
"RT @user: Fenster auf, weil es zu hei√ü ist. Hereinkommen: 10 Stechm√ºcken, 7 Spinnen, 14 Fliegen, 5 Zeugen Jehovas. Fenster zu. Na t‚Ä¶",0
#clouds #staatskanzlei #munich #m√ºnchen #blau #wolken #himmel #sky #silhouette #instagood‚Ä¶ http,1
@user hey lass meinen food porn in ruhe :-P *gerade leicht angetrunken ist*,2
"Diet diet diet , kein Essen kein Essen  ‚Äã (‚å£ÃÅ_‚å£ÃÄ)",0
"Was neues vom FC Rot-Wei√ü #Erfurt "" Pressespiegel: 07. August 2013 "" http",1
vorne an'na Tankstelle noch schnell zwei Monster Ripper gekauft. endlich!!! seit √ºber zwei wochen keins mehr. eeeeentzuuuuggg,2
Hocke definitiv uf de falsche site,0
"Mr. Coffee versucht vergeblich, meine Lebensgeister zu wecken.",1
@user s√§he aber sicher gut aus :),2
@user Von denen wird mir immer schlecht.,0
POL-H: Zeugenaufruf! Motorradfahrer bei Unfall leicht verletzt http,1
@user Hey S√º√üe. Warum hattest du gestern Stre√ü? Hoffe nichts schlimmes.,2
@user @user !nicht witzig!,0
"Angie l√§chelt einmal ihre Antwort, und beseitigt 5 min Steinbr√ºck-Phrasen. Beste Mutti ever. #tvduell",1
@user tumblr people sind meine lieblings people :D,2
"@user hauptsache Aufmerksamkeit kassieren, l√§cherlicher Journalismus",0
"RT @user: #Mollath kommt frei: OLG N√ºrnberg entscheidet, dass Mollath unverz√ºglich aus der Psychiatrie zu entlassen sei. http",1
"Wow, meine Augenbrauen sehen einmal gut aus.",2
"Haut am @user stellt de Kandidat aus dem Osten, de @user onst Konzept zum #Grondakommes vir. Eng interessant Lekt√ºr!",0
AmandaGirl: Alter: 19 Sternzeichen: Sch√ºtze PLZ- Bereich: 3 Geschlecht: weiblich Augenfarbe: braun Hobbies: Sp... http,1
50 wertvolle Gedanken ine ein Spiel verpackt. Stephen R. Covey war einfach brilliant http,2
@user sicherlich nicht!!,0
VIP Mitgliedschaft http,1
"Lalala mit den besten chilln und die ""gro√üen"" jungs beim fu√üball spielen mit den kleinen jungs zugucken *-* :D",2
:'( :'( :'( Die letzte Aussprache war wohl das schwerste Telefonat meines gesamten Lebens :'( :'( :'( Aber wir gehen friedlich und als F...,0
"Obwohl weiterhin weniger #Velo gefahren wird (Beliebtheit sinkt), werden Unsummen reigepumpt. Darum also #Vignette! http",1
"@user √Ñhm, welcher Geschichte?^^",2
Drei Kleiderschr√§nke voll nichts zum Anziehen.,0
#Kurier #Chronik Bim stoppte fl√ºchtenden Ladendieb: 51-J√§hriger wurde nach Diebstahl zwischen Stra√üenbah... http #News,1
Ihr seht heute wundersch√∂n aus! ‚ù§Ô∏è You look beautiful today. #hamburg #welovehh #beauty http,2
@user ein tritt? Fehlt mir die kraft dazu....ich k√§mpfe nicht erst seit 3-4 Tagen. Sondern seit √ºber einem Jahr. Dachte sind KOMPLETT,0
@user @user rechts oben steht was. Direkt neben einem sch√∂nem Fernsehsender Logo.,1
Post rehearsal selfie cuz... Why not? #hoodie #vest #hoodievest #rehearsal #springawakening #hanschen‚Ä¶ http,2
@user geballte Inkompetenz...,0
"RT @user: Jedesmal wenn irgendwo ein Mann seinen Bart rasiert, trocknet wo anders eine Muschi aus.",1
Schon August ey! N√§chsten Monat kommt auch #Hinterland von @user vor freude kommt aus meinem hintern land!,2
"@user Ich frage mich eher, wer so eine Frage √ºberhaupt stellt?!",0
Mi√üfelder sieht keine milit√§rische L√∂sung in Syrien http,1
"Ende N√§chten monats gibt's auch noch Weihnachtsgeld..also das 13. Gehalt :ooooo i'm rich bitch, i'm rich bitch, i'm rich bitch hahaha",2
Tod des geliebten Haustiers: Trauerratgeber von Eltern f√ºr Eltern von Alfred F... http via @user,0
Gro√üe #Ereignisse brauchen #Sendezeit: http #BP #ltw #gr√ºne_raus #fdp_raus http,1
"@user Ah! ""K√ºnstlerische Freiheit""! http",2
"Na toll, jetzt will ich ne PS4. oo #GCPressekonferenz",0
"F√ºrth, wo alte Frauen Air Force tragen und Jugendliche lieber zu ausgelatschten Pumaschuhen greifen.",1
"@user @user Sasa, Cynthia, Hong, jasmin und Ich w√ºrden auf jeden Fall kommen~ nicht wahr Sasa?",2
#Miami Crash Victim: Partner Of 40 Years Died In My Arms: Crash Victim: Partner Of 40 Years Died In My Arms SO... http,0
AEG Lavamat 72610: Fehlermeldung C9 http,1
"Nacht.KRAFt: in 22, 2013 at 08!SOSOSOSOSO GUT!",2
Warum muss K√∂ln so weit weg sein? )': W√§re sooo gerne an meinem Geburtstag zum Videoday gekommen! )': @user @user @user,0
Anlage #Thun sichtbar gesetzt,1
sehr guter #tatort aus Berlin,2
@user verr√ºckte welt...,0
Sexy Damen Low Rise Jeans Hose Schlag Hose H√ºft Weiss. S/36 bis XL/42 Super Preis http,1
@user bin vielleicht etwas nerv√∂s .neue schwiegertochter wird vorgestellt :-),2
"Ick hoffe mein Akku h√§lt bis ick wieder zu Hause bin. Ick hasse Bus fahren ohne Musik. Berliner Schnauze kann ick wohl net so jut. ^^""",0
Havana Club Stoffbanner SELTEN: Axstedt | Original Havana Club Stoffbanner. Ma√üe 160x80. Sehr seltenes und rar... http,1
@user @user @user @user @user @user Very Cool!,2
@user @user üò¶,0
Wenn ich euch besuchen komme (Real Amateur) #porn #sexy #xxx #adult #amateur #nsfw #Amateur http,1
"RT @user: @user Ganz toller Auftritt im @user und herzliche Gratulation zum Titel ""Schwingerk√∂nig"" Alles Gute a‚Ä¶",2
@user nope. Basisdemokratiespinner stellen im Hinterland fast alle politisch Aktiven kalt. Bitte sehr.,0
RT @user: NSA-Aff√§re: Britischer Premier steckte hinter Drohungen gegen den Guardian http,1
@user Produktiv Scheitern kann auch Spa√ü machen. Siehe Beispiele: http,2
@user Hey kann erst sp√§ter schreiben! ;(,0
"Heinz ? Peters ? K√∂nig Rechtsanw√§lte aus 44629 Herne, Eschstra√üe 15 in #NRW http",1
"RT @user: Muss mich mal wieder bei meinen Followern bedanken. Sch√∂n, dass Ihr mir folgt. Aber andersrum w√§rt Ihr ja sonst auch wiede‚Ä¶",2
@user absolut! Fiese Scheisse.,0
Scott 26: B√∂blingen | Gutes stabiles Scott Mountain Bike mit ein Jahr alter hi Felge http,1
@user @user Weil herzchen toll sind und auf chen enden und weil ich euch lieb habe ^^,2
"RT @user: Liebe FDP NRW, sorgt doch endlich f√ºr einen ordentlicen Grundrechtsschutz auf Bundesebene, statt nur Kryptopartys zu verans‚Ä¶",0
Anlage #Spiez sichtbar gesetzt,1
RT @user: @user endlich fertig ‚ô° falls ich dich i.wann sehe bekommst du das bild. I love u ‚ô° ‚ô° ‚ô° http,2
"Hasse es, wenn Leute immer recht haben wollen",0
@user Steht jedem frei zu unterschreiben oder nicht...,1
@user Tweet Limit/ Fav Limit auch DM Limit noch nicht xD,2
deichkind entf√ºhrt! http,0
"RT @user: Das Gehirn kennt keinen Unterschied zwischen Traum und Realit√§t. Was hei√üt, dass beides real ist. Oder beides ein Traum.",1
"@user Happy birthday! Alles Gute und bitte nicht aufs Alter schauen, wenn heute gefeiert wird! ;)",2
"Urgh, ich hab so Lust aufn Bier. Das ist so traurig.",0
Franzosen behalten niedriges Renteneintrittsalter http,1
Unser Nachbars Hund :3 s√º√üer kleiner Kerl &gt;w&lt; http,2
@user Keinen Bock mehr...,0
@user In Lautern wars n√∂tig. Nach 39 Spielen.,1
@user √ºben √ºben √ºben - unter immer sch√∂n hinter den #creeps bleiben ;),2
RT @user: manche muss ma nd verstehen..,0
Niedrige Zinsen bringen Deutschland 41 Milliarden Euro http,1
LOS PADDEL! SCHMEI√ü DICH RAN!,2
Bei #SdR werden 4 Mercedes f√ºr 1 Zuschauer verlost. Nicht etwa 1 Mercedes f√ºr 4 Zuschauer. Sinn?,0
Gesuender Leben durch eine bessere Wasserqualitaet ohne Kalk. http,1
Ach ich liebe @user 's Tweets ‚ù§‚ù§‚ù§,2
RT @user: partnerschafte funktionieret n√∂d well d'mensche scheisse sind,0
Romantisches Date ‚Äì Was geht da zwischen Jason Segel &amp; Cameron Diaz? http,1
Instandhaltung erfolgreich abgeschlossen!,2
@user schraibn :o bin in letzter zeit viel mit anderen leuten am quatschen^^,0
"@user @user Zustimmung. Wird umso l√§cherlicher, je mehr sich uns eine aktuelle Regierungspartei prozentm√§√üig angleicht...",1
@user und wann sollte ich wo erscheinen? Bzw hat der @user die Frau nun um Erlaubnis gefragt? ;),2
Ich w√ºrde mir selbst nicht schreiben.,0
Wettersensible Frauen ‚Äì Umfrage: M√§nner leiden seltener unter extremen Witterungsbedingungen http,1
Hahahaha Tr√§nen gelacht :'D http,2
@user schade :( du h√§ttest den traum leben k√∂nnen f√ºr mich! :(,0
"@user @user nix da, keine Zeit zum Streiten, muss hier fertig werden",1
@user Naja dazu brauch man aber Titten! Die alten notgeilen Schachteln mit +60 will doch niemand! xD,2
"@user Dort h√§tte sich das Drehbuch schon fast von alleine schreiben lassen k√∂nnen, wurde aber wohl miserabel umgesetzt.",0
"Wer meine ""all time favourites"" noch nicht gesehen hat: http http",1
@user @user *lf* lass mich! :P des war echt so! hab immernoch dauergrinser *-*,2
"Guten morgen Welt. Hallo Montag ... 3 Kreuze, wenn diese Woche der Vergangenheit angeh√∂rt! ...",0
"Was war der letzte gute Film, den du gesehen hast? ‚Äî Sonic The Hedgehog The Movie OMV :3 geilster sonic film EVE... http",1
"@user eueheueehuh, int (:",2
@user wut,0
RT @user: Wissenschaftler kritisieren unverst√§ndliche Wahlprogramme. Unser Tipp: Leichte Sprache http #wahllokal‚Ä¶,1
@user @user @user @user Gut befragt. Erkenntnisgewinn trotzdem 0. IMHO falscher Gespr√§chspartner.,2
@user @user Warum wollt ihr alle keinen Sommer mehr haben? o_O,0
@user Interessant wer nutzt nun #Tebartz #Luxus #Bischofssitz?;-) Viele #Katholiken nehmen auch #Auszeit sie TRETEN aus #Kirche aus;-D,1
"Heute nicht nur den Herzensmenschen geheiratet, sondern auch ganz viel Liebe von @user bekommen. Unbezahlbar &lt;3",2
Die Schuhe passen halt √ºberhaupt nicht!!! #ShoppingQueen,0
EinFachIch !: Engel Gott Schicksal !! http,1
"RT @user: @user 196. Tweet f√ºr Stindlinho! ;-) Happy Birthday &amp; alles Liebe, Lars! Bleib uns bitte noch laaange erhalten! #F√ºh‚Ä¶",2
RT @user: @user Oh. Das er√∂ffnet ungeahnte M√∂glichkeiten des inz√ºchtigen Verhaltens sowie Ignoranz gegen√ºber den Followern.,0
Der Streit um das VW-Gesetz http #DeutscheWelle,1
@user good morning,2
@user unm√∂glich isser.,0
"Arigato !! Nur das, mehr nicht. Japanisch -,-",1
"@user Du musst aber bitte Georg aus Bielefeld entfernen, der m√∂chte nicht mehr :-)",2
Vor Wut 3DS ohne speichern ausgemacht. Sch√∂n.,0
"Was macht eigentlich ein Verm√∂gensberater, wie macht er es und v.a. warum braucht eigentlich jeder einen?! Diese... http",1
@user ohhhh meine schw√§chste Disziplin bisher ;)),2
@user also das geht gar nich sowas. Bei ihrem Chef m√ºsste man sich beschweren. Die Frau soll ihr was beibringen u is so drauf.,0
"√ñH Uni Wien: Gegen rechte Hetze aller Art!: Utl.: √ñH Uni Wien ruft auf, Rechtsextremismus keinen Platz... http APA OTS",1
"@user Du willst echt nicht bis zum Marathon warten, was? X'DDD",2
mum hat mich grad gefragt ob ich schwanger bin und deshalb so schlecht drauf,0
#Landau: Wer zahlt die Millionen f√ºr die #Bomben-Suche auf Gel√§nde der #Landesgartenschau? Hauptausschuss diskutiert. http,1
@user Qualit√§t*,2
Papoose Versace Part reguliert ja schon n bisschen. Was da los :S,0
"chopper XV 250: berlin | Yamaha, XV 250, 13 kW, 45000 km, EZ 05/1991, rot, T√úV 05/2014, Sch√∂ner kleiner Choppe... http",1
@user @user sge nik pag ako nangulit tungkol sa inyo sge ka. Di ko kayo titigilan. Hehehe *ngisi*,2
"@user Englisch √ºberfordert mich,ich schreib lieber wieder Deutsch:) Ja ich mag Sprachen auch nicht",0
40 Jahre Europ√§isches #Patent√ºbereinkommen ‚Äì Klare Abgrenzung zwischen #Sorten- und #Patentschutz wichtiger denn je http,1
Einfach nur ma kurz chillen http,2
@user @user wenn mans genau nimmt nicht. aber begr√ºndung siehe tweet oben.,0
"Ok, letzter f√ºr heute: Grasgefl√ºster #Gr√ºnenfilme",1
"@user bin selber fanboy,aber nicht ganz so fanatisch. hoffe ich. ;)",2
"@user iya. zombie survival horror, depressing seinen gitu.",0
Schwerer Autounfall bei Anr√∂chte mit Toten. Geht‚Äôs euch allen gut?,1
Achtung Nagelstudios......Friseursalons......Kosmetikstudios......Fu√üpflege !!!Bei uns wird Zusatzverdienst und... http,2
"Der Esel nennt sich immer zuerst. ""mich und die SPD."" #tvduell #Steinbr√ºck",0
30 neue Verfahren -Ermittlungen gegen ehemalige KZ-Aufseher http #30 #Nachrichten #N24,1
@user @user vordergr√ºndig.....;-)),2
"Tolles Vorbild, Herr Landtagsabgeordneter aus #RLP cc @user",0
"Lincoln Speedway ""@user: Top 10- Wilt, Haas, D Dietrich, Rahmer, Montieth, Siegel. Krimes, R Wilson, Forsythe, B Dietrich""",1
Boateng. Danke. Geh√∂rt mit zur Abl√∂se was?,2
"#schlagzeilen Designer-Kauz Colani: Funktioniert nicht? Interessiert nicht!: Sinkende Superboote, Lastwagen wi... http",0
"RT @user: Aktueller Blog ""Das ewige Hinausschieben: Was hilft gegen Prokrastination?"" von Coach Gilbert Dietrich.... http",1
"@user geleakte technische details w√§ren nett, ne?",2
2704 Tweets und ich bin immer noch kein St√ºck schlauer geworden,0
#schlagzeilen Merkel soll auch: Steinmeier zu Aussage vor Kontrollgremium bereit: Frank-Walter Steinmeier will... http,1
Wundersch√∂n! Jetzt m√∂chte ich auch heiraten. ‚Äú@ApplebysCheese: Wedding cheese cake for vet Matt and wife to be Hannah http,2
Da liegt nen Arm von einen der Affen o.O Da scheint wohl noch was schlimmeres rumzurennen o.O #AfterEarth,0
"Mutter setzt Baby aus ""Bitte k√ºmmern Sie sich gut um sie"" - S√ºddeutsche.de: S√ºddeutsche.deMu... http #Muenchen #Munich",1
@user Guten Rutsch http,2
K√∂rper macht grad schlapp. Was soll das...,0
Stephen Sauer zum neuen Finanzreferenten gew√§hlt #jusolakosaar13 Herzlichen Gl√ºckwunsch!,1
RT @user: OMG... ICH lache :-D RT @user: Hier endlich das GIF zum Ausparkman√∂ver des Jahres! http,2
"‚Äú@sanitario_: Ich bin so Schei√üe drauf, #ich #k√∂nnte #glatt #anfangen, #hashtags #zu #nutzen!‚Äù Dito!",0
"@user @user H√§ngt immer davon ab, wieviel Leute beteiligt sind.",1
"Kleines M√§dchen, gro√üer Minion üò±üòä http",2
Morgen in den ersten beiden #Sport. danach sch√∂n ne #Doppelstunde #Mathe hinterher. bis einschl. 8. Std Unterricht #k√∂nntkotzen,0
"""Im Anschluss weitere L√§nderspiele, ebenfalls international"" - @user #gerpar",1
@user ich komm gerade gar nicht hinterher! Bin auch sooo aufgeregt gerade. Berichte nachher. DAAAAANKE aber fuer die Glueckwuensche,2
"@user SCHNAUZE! Dass man dort links √ºberhaupt nich gut weg kommt, siehste nich, wa? (3 Jahre war dat mein Bus! 3!) @user",0
Mercedes Benz arbeitet an Navigationsl√∂sung mit Google Glass http,1
@user na dann feier sch√∂n!,2
@user ur ever gettin dem shits bacc,0
"Guten Morgen! Wir wollen euch noch erz√§hlen, was #Apple gestern in Sachen #iPhone erz√§hlt hat: http",1
Wie ich diese s√º√üen Kakao Kekse liebe... Eigentlich zu schade zum essen :/ http,2
Hoodie Allen was sick,0
"tausche gro√üen, gut erzogenen penis gegen kopfschuss",1
"@user Das kann man ja hervorragend lernen. ""Navigieren"" muss halt echt gelernt sein - ich lasse mich von Sue Bryce inspirieren :)",2
"@user Netter Versuch, aber: Nein!",0
"Beis beis beis, beis beis beis, un puta nobo nobo, ta cansa tur mi caya, beis beis beis, beis beis cu NEüé∂",1
@user Tr√§ume s√º√ü :-),2
"Dank investigativem Journalismus konnten wir herausfinden, dass man f√ºr das Update auf Windows 8.1 zuerst ein Update installieren muss. Aha!",0
". @user pro Staubsauger-Regulierung. Ich glaube nicht, dass er das ernst meint. Das kann nicht sein. http",1
ich lieeeeeebe diesen tanz :)) aba den salto krieg ich zum verrecken einfach nicht hin sorry x'DDDD,2
#understatement: sein goldenes iPhone in ne silberne H√ºlle packen.,0
"Kreativ Welt News Allerheiligen, Freitag, 1.11.2013: In Hessen kein Feiertag! Alle Besucher/innen aus... http",1
Wowereit gratuliert Horst Milde zum 75. Geburtstag Berlins Regierender B√ºrgermeister Klaus http http,2
phil verstellt sich f√ºr seine freundin. kann ihn nich mehr ernstnehmen.,0
"@user hmmm, k√∂nnte sein. Bin mir da nicht sicher",1
"""live aus manchester"". technik k√∂nnen sie beim #zdf #mcfcfcb",2
@user OMFG BITTE NICHT! Noch mehr Infinite Crisis h√§tte meine inneren Katzenbabys get√∂tet. ..und zwar ALLE!!,0
New post: Warum Nikon Telekonverter nicht mit DX-Objektiven verwendet werden k√∂nnen http,1
Leckeres kleines Ding du! #knabber #igel http,2
'Und was nehmen Sie?'- 'Ich nehm dann mal die traurige Wendung.',0
"tz: Schweinsteiger als ""Fu√üballer des Jahres"" geehrt: M√ºnchen¬†- Bastian Schweinsteiger ist kurz vor seinem 300... http",1
@user nimm doch den Besen und reite los ;-) #hexhex,2
RT @user: @user ich bin doch gar nich unterwegs‚Ä¶!,0
"Okay friends ich geh schlafen und ratz bis ungef√§hr √ºbermorgen, bonne nuit",1
#nowplaying die neue Scheibe von Someone¬¥s Diary http Yuppiduppi! Aber das sagte ich ja schon mal ...,2
ja alsich 2wochen weg war dawar dann so viel von M&amp;L so viel musste ich nachholen (@user http,0
New post: H: Zeugenaufruf! 21-J√§hriger √ºberfallen http,1
@user Entspannt geht's los. Sch√∂nen Tag g√∂nn ich uns allen :-D @user @user @user @user,2
@user GENAU DAS SELBE DENK ICH MA AUCH haha bzw. solln in einen ladn gehn bei dem ma den namen aussprechn kann!!,0
